MaterialState;Sample;Image;Precipitate#;area;axis_major_length;axis_minor_length;aspect_ratio;centroid-X;centroid-Y;area_in_nm2;radius_in_nm;BitSizeValue;DiskRadiusValue[pixel];OtsuThresholdValue[np];KernelValue;MaskSetValue;BG_LabelValue;Date
190C-250h;Sample1;Stelle1 DF 100 60 kx 10s Lochrand;1;1039;42,81510305;31,37858896;1,364468718;32,25312801;554,8931665;23,3775;2,727872681;4;8;Otsu;3;255;0;05.04.2023
190C-250h;Sample1;Stelle1 DF 100 60 kx 10s Lochrand;2;3176;93,3345333;47,38501827;1,969705547;137,8803526;462,4622166;71,46;4,769321175;4;8;Otsu;3;255;0;05.04.2023
190C-250h;Sample1;Stelle1 DF 100 60 kx 10s Lochrand;3;151;19,1371554;10,1775765;1,88032538;96,37086093;1230,794702;3,3975;1,039931651;4;8;Otsu;3;255;0;05.04.2023
190C-250h;Sample1;Stelle1 DF 100 60 kx 10s Lochrand;4;4811;125,527281;51,24057831;2,449763159;139,9237165;1775,790896;108,2475;5,869944583;4;8;Otsu;3;255;0;05.04.2023
190C-250h;Sample1;Stelle1 DF 100 60 kx 10s Lochrand;5;250;21,5509169;15,09863771;1,427341811;155,836;1529,132;5,625;1,338093087;4;8;Otsu;3;255;0;05.04.2023
190C-250h;Sample1;Stelle1 DF 100 60 kx 10s Lochrand;6;232;19,34380582;15,33637874;1,261302042;205,6293103;451,2543103;5,22;1,289021957;4;8;Otsu;3;255;0;05.04.2023
190C-250h;Sample1;Stelle1 DF 100 60 kx 10s Lochrand;7;3297;66,4354633;63,48846614;1,046417835;253,8580528;1421,099788;74,1825;4,85932332;4;8;Otsu;3;255;0;05.04.2023
190C-250h;Sample1;Stelle1 DF 100 60 kx 10s Lochrand;8;2227;60,70771121;47,43266908;1,279871287;287,4310732;889,2972609;50,1075;3,993709131;4;8;Otsu;3;255;0;05.04.2023
190C-250h;Sample1;Stelle1 DF 100 60 kx 10s Lochrand;9;248;29,68321668;10,73093684;2,766134693;287,4233871;2027,895161;5,58;1,332729967;4;8;Otsu;3;255;0;05.04.2023
190C-250h;Sample1;Stelle1 DF 100 60 kx 10s Lochrand;10;3652;72,97492489;64,44005521;1,132446654;322,6673056;993,9153888;82,17;5,114247095;4;8;Otsu;3;255;0;05.04.2023
190C-250h;Sample1;Stelle1 DF 100 60 kx 10s Lochrand;11;199;27,19532771;9,433429433;2,882867562;309,2110553;1500,778894;4,4775;1,193831025;4;8;Otsu;3;255;0;05.04.2023
190C-250h;Sample1;Stelle1 DF 100 60 kx 10s Lochrand;12;223;25,08310404;11,43022983;2,194453166;338,4215247;2031,843049;5,0175;1,263772074;4;8;Otsu;3;255;0;05.04.2023
190C-250h;Sample1;Stelle1 DF 100 60 kx 10s Lochrand;13;104;16,30837019;8,705916311;1,873251432;347,375;1725,096154;2,34;0,863044109;4;8;Otsu;3;255;0;05.04.2023
190C-250h;Sample1;Stelle1 DF 100 60 kx 10s Lochrand;14;167;21,38248032;10,11384398;2,114179374;374,2095808;2035,598802;3,7575;1,093640433;4;8;Otsu;3;255;0;05.04.2023
190C-250h;Sample1;Stelle1 DF 100 60 kx 10s Lochrand;15;2505;140,9500034;23,94893971;5,885438149;444,805988;1730,869062;56,3625;4,235651185;4;8;Otsu;3;255;0;05.04.2023
190C-250h;Sample1;Stelle1 DF 100 60 kx 10s Lochrand;16;2845;101,3588446;39,4099897;2,571907411;429,9817223;466,5047452;64,0125;4,51395742;4;8;Otsu;3;255;0;05.04.2023
190C-250h;Sample1;Stelle1 DF 100 60 kx 10s Lochrand;17;387;32,69826973;16,02590341;2,040338625;409,8191214;1220,44186;8,7075;1,66483733;4;8;Otsu;3;255;0;05.04.2023
190C-250h;Sample1;Stelle1 DF 100 60 kx 10s Lochrand;18;9176;140,6482813;83,66182682;1,681152404;450,7923932;883,8552746;206,46;8,106679906;4;8;Otsu;3;255;0;05.04.2023
190C-250h;Sample1;Stelle1 DF 100 60 kx 10s Lochrand;19;1453;75,41988825;26,44809931;2,851618461;535,6421198;469,238128;32,6925;3,225886848;4;8;Otsu;3;255;0;05.04.2023
190C-250h;Sample1;Stelle1 DF 100 60 kx 10s Lochrand;20;299;28,17432781;16,63432809;1,693746068;534,9331104;504,7491639;6,7275;1,463362484;4;8;Otsu;3;255;0;05.04.2023
190C-250h;Sample1;Stelle1 DF 100 60 kx 10s Lochrand;21;227;27,12744402;13,08891505;2,072551003;546,6255507;1728,991189;5,1075;1,275055977;4;8;Otsu;3;255;0;05.04.2023
190C-250h;Sample1;Stelle1 DF 100 60 kx 10s Lochrand;22;137;16,15962353;10,80852735;1,495080968;540,7080292;1577,547445;3,0825;0,990550465;4;8;Otsu;3;255;0;05.04.2023
190C-250h;Sample1;Stelle1 DF 100 60 kx 10s Lochrand;23;162;23,65876341;10,72765613;2,205399121;546,6481481;1715,950617;3,645;1,077144157;4;8;Otsu;3;255;0;05.04.2023
190C-250h;Sample1;Stelle1 DF 100 60 kx 10s Lochrand;24;362;28,80465901;16,25447392;1,772106508;562,7071823;515,0552486;8,145;1,610165837;4;8;Otsu;3;255;0;05.04.2023
190C-250h;Sample1;Stelle1 DF 100 60 kx 10s Lochrand;25;276;23,01522566;16,3846229;1,404684489;568,0471014;360,1231884;6,21;1,405953197;4;8;Otsu;3;255;0;05.04.2023
190C-250h;Sample1;Stelle1 DF 100 60 kx 10s Lochrand;26;195;22,52708957;12,15731012;1,852966598;566,5641026;1712,384615;4,3875;1,181771816;4;8;Otsu;3;255;0;05.04.2023
190C-250h;Sample1;Stelle1 DF 100 60 kx 10s Lochrand;27;7472;179,2944715;55,23590063;3,245977154;673,9836724;505,0816381;168,12;7,315344016;4;8;Otsu;3;255;0;05.04.2023
190C-250h;Sample1;Stelle1 DF 100 60 kx 10s Lochrand;28;3500;81,49584857;56,23577894;1,449181466;659,8237143;689,0682857;78,75;5,006685884;4;8;Otsu;3;255;0;05.04.2023
190C-250h;Sample1;Stelle1 DF 100 60 kx 10s Lochrand;29;6714;129,3254975;67,78906001;1,907763545;681,6557939;1197,671731;151,065;6,934369687;4;8;Otsu;3;255;0;05.04.2023
190C-250h;Sample1;Stelle1 DF 100 60 kx 10s Lochrand;30;6723;107,8297971;81,18438176;1,328208638;679,5696862;285,4544102;151,2675;6,939015831;4;8;Otsu;3;255;0;05.04.2023
190C-250h;Sample1;Stelle1 DF 100 60 kx 10s Lochrand;31;1009;43,74269154;29,669605;1,474326724;645,4826561;1732,576809;22,7025;2,688202037;4;8;Otsu;3;255;0;05.04.2023
190C-250h;Sample1;Stelle1 DF 100 60 kx 10s Lochrand;32;249;23,08697124;14,03905553;1,644481795;645,5140562;802,2610442;5,6025;1,335414219;4;8;Otsu;3;255;0;05.04.2023
190C-250h;Sample1;Stelle1 DF 100 60 kx 10s Lochrand;33;113;14,49852156;9,913247276;1,46254009;645,6017699;1346,256637;2,5425;0,899612631;4;8;Otsu;3;255;0;05.04.2023
190C-250h;Sample1;Stelle1 DF 100 60 kx 10s Lochrand;34;373;33,83343898;15,84886375;2,134754864;694,3887399;1736,525469;8,3925;1,63444661;4;8;Otsu;3;255;0;05.04.2023
190C-250h;Sample1;Stelle1 DF 100 60 kx 10s Lochrand;35;895;69,73082086;19,58393651;3,560613098;733,1631285;1739,240223;20,1375;2,531790934;4;8;Otsu;3;255;0;05.04.2023
190C-250h;Sample1;Stelle1 DF 100 60 kx 10s Lochrand;36;104;14,33240927;9,282583914;1,544010741;751,7019231;1147,653846;2,34;0,863044109;4;8;Otsu;3;255;0;05.04.2023
190C-250h;Sample1;Stelle1 DF 100 60 kx 10s Lochrand;37;485;40,75357231;17,62658921;2,312050949;776,8391753;1775,713402;10,9125;1,863748007;4;8;Otsu;3;255;0;05.04.2023
190C-250h;Sample1;Stelle1 DF 100 60 kx 10s Lochrand;38;254;21,93346892;16,55544368;1,324849357;777,9448819;1747,452756;5,715;1,348755352;4;8;Otsu;3;255;0;05.04.2023
190C-250h;Sample1;Stelle1 DF 100 60 kx 10s Lochrand;39;5936;217,1116462;44,98452604;4,826362871;906,8003706;1786,679751;133,56;6,520235302;4;8;Otsu;3;255;0;05.04.2023
190C-250h;Sample1;Stelle1 DF 100 60 kx 10s Lochrand;40;167;18,12613011;11,77428423;1,539467687;828,1676647;250,994012;3,7575;1,093640433;4;8;Otsu;3;255;0;05.04.2023
190C-250h;Sample1;Stelle1 DF 100 60 kx 10s Lochrand;41;1083;57,37039082;25,70461464;2,231910169;850,8199446;510,9095106;24,3675;2,785034318;4;8;Otsu;3;255;0;05.04.2023
190C-250h;Sample1;Stelle1 DF 100 60 kx 10s Lochrand;42;1508;56,9332394;33,96737674;1,676115287;876,7281167;1179,817639;33,93;3,286374056;4;8;Otsu;3;255;0;05.04.2023
190C-250h;Sample1;Stelle1 DF 100 60 kx 10s Lochrand;43;291;24,75977423;15,02407076;1,64800703;901,2268041;538,1649485;6,5475;1,443652998;4;8;Otsu;3;255;0;05.04.2023
190C-250h;Sample1;Stelle1 DF 100 60 kx 10s Lochrand;44;188;16,85464551;14,37744326;1,172297828;899,2606383;1568,170213;4,23;1,160366674;4;8;Otsu;3;255;0;05.04.2023
190C-250h;Sample1;Stelle1 DF 100 60 kx 10s Lochrand;45;458;27,28006619;21,43900342;1,272450293;948,849345;1096,744541;10,305;1,811127653;4;8;Otsu;3;255;0;05.04.2023
190C-250h;Sample1;Stelle1 DF 100 60 kx 10s Lochrand;46;2883;70,61946001;53,51665849;1,319579025;970,0332986;573,5747485;64,8675;4,544003361;4;8;Otsu;3;255;0;05.04.2023
190C-250h;Sample1;Stelle1 DF 100 60 kx 10s Lochrand;47;377;36,89080788;16,50608752;2,234981962;976,2015915;1387,530504;8,4825;1,643187028;4;8;Otsu;3;255;0;05.04.2023
190C-250h;Sample1;Stelle1 DF 100 60 kx 10s Lochrand;48;264;21,08605116;17,69961267;1,191328395;975,0795455;1581,325758;5,94;1,375049353;4;8;Otsu;3;255;0;05.04.2023
190C-250h;Sample1;Stelle1 DF 100 60 kx 10s Lochrand;49;1138;39,63389692;37,4424162;1,058529362;1021,420914;881,301406;25,605;2,854877342;4;8;Otsu;3;255;0;05.04.2023
190C-250h;Sample1;Stelle1 DF 100 60 kx 10s Lochrand;50;335;34,26221765;14,58503982;2,349134323;1060,928358;532,6507463;7,5375;1,548954734;4;8;Otsu;3;255;0;05.04.2023
190C-250h;Sample1;Stelle1 DF 100 60 kx 10s Lochrand;51;292;27,56196029;14,04901909;1,961842326;1086,465753;1987,808219;6,57;1,446131374;4;8;Otsu;3;255;0;05.04.2023
190C-250h;Sample1;Stelle1 DF 100 60 kx 10s Lochrand;52;740;34,98557285;27,18634756;1,286880217;1093,697297;1252,556757;16,65;2,302142395;4;8;Otsu;3;255;0;05.04.2023
190C-250h;Sample1;Stelle1 DF 100 60 kx 10s Lochrand;53;20870;330,2266794;96,69719498;3,415059552;1202,975803;537,777815;469,575;12,22580733;4;8;Otsu;3;255;0;05.04.2023
190C-250h;Sample1;Stelle1 DF 100 60 kx 10s Lochrand;54;176;18,19379287;12,39759091;1,467526474;1104,795455;574,3352273;3,96;1,122723096;4;8;Otsu;3;255;0;05.04.2023
190C-250h;Sample1;Stelle1 DF 100 60 kx 10s Lochrand;55;1088;55,67360434;27,11397696;2,053317535;1130,817096;1774,050551;24,48;2,791455895;4;8;Otsu;3;255;0;05.04.2023
190C-250h;Sample1;Stelle1 DF 100 60 kx 10s Lochrand;56;2617;93,32426936;39,69416211;2,351082991;1191,405808;1945,536492;58,8825;4,32930501;4;8;Otsu;3;255;0;05.04.2023
190C-250h;Sample1;Stelle1 DF 100 60 kx 10s Lochrand;57;2490;112,7039011;32,98740109;3,416574129;1196,251004;162,9823293;56,025;4,222950553;4;8;Otsu;3;255;0;05.04.2023
190C-250h;Sample1;Stelle1 DF 100 60 kx 10s Lochrand;58;51736;797,4335114;135,8458501;5,870135237;1551,232817;1134,81278;1164,06;19,24920274;4;8;Otsu;3;255;0;05.04.2023
190C-250h;Sample1;Stelle1 DF 100 60 kx 10s Lochrand;59;9071;139,4765237;84,64286854;1,647823687;1260,013119;1355,868702;204,0975;8,060164514;4;8;Otsu;3;255;0;05.04.2023
190C-250h;Sample1;Stelle1 DF 100 60 kx 10s Lochrand;60;199;19,13629533;13,752557;1,391471806;1284,577889;2016,582915;4,4775;1,193831025;4;8;Otsu;3;255;0;05.04.2023
190C-250h;Sample1;Stelle1 DF 100 60 kx 10s Lochrand;61;211;17,20995416;15,6687897;1,09835887;1287,971564;482,5687204;4,7475;1,229299062;4;8;Otsu;3;255;0;05.04.2023
190C-250h;Sample1;Stelle1 DF 100 60 kx 10s Lochrand;62;220;34,51305165;8,548781337;4,037189664;1319,663636;1050,722727;4,95;1,255242581;4;8;Otsu;3;255;0;05.04.2023
190C-250h;Sample1;Stelle1 DF 100 60 kx 10s Lochrand;63;1438;52,73860914;35,12747074;1,501349458;1343,659249;1312,403338;32,355;3,209192479;4;8;Otsu;3;255;0;05.04.2023
190C-250h;Sample1;Stelle1 DF 100 60 kx 10s Lochrand;64;907;58,93823845;22,63529612;2,603820075;1446,090408;1180,058434;20,4075;2,54870732;4;8;Otsu;3;255;0;05.04.2023
190C-250h;Sample1;Stelle1 DF 100 60 kx 10s Lochrand;65;188;18,61539359;12,91285819;1,441616822;1433,765957;280,5957447;4,23;1,160366674;4;8;Otsu;3;255;0;05.04.2023
190C-250h;Sample1;Stelle1 DF 100 60 kx 10s Lochrand;66;215;25,58857097;10,83353492;2,361977983;1448,730233;661,8232558;4,8375;1,24089648;4;8;Otsu;3;255;0;05.04.2023
190C-250h;Sample1;Stelle1 DF 100 60 kx 10s Lochrand;67;2483;63,59727809;52,16772069;1,21909252;1474,897302;1447,946839;55,8675;4,217010501;4;8;Otsu;3;255;0;05.04.2023
190C-250h;Sample1;Stelle1 DF 100 60 kx 10s Lochrand;68;203;28,4268784;9,654294836;2,944480035;1504,605911;734,7438424;4,5675;1,205769632;4;8;Otsu;3;255;0;05.04.2023
190C-250h;Sample1;Stelle1 DF 100 60 kx 10s Lochrand;69;509;40,76509222;16,31657725;2,498385022;1538,842829;1451,620825;11,4525;1,909304578;4;8;Otsu;3;255;0;05.04.2023
190C-250h;Sample1;Stelle1 DF 100 60 kx 10s Lochrand;70;402;45,81623044;11,622584;3,942000371;1529,375622;670,9577114;9,045;1,696794896;4;8;Otsu;3;255;0;05.04.2023
190C-250h;Sample1;Stelle1 DF 100 60 kx 10s Lochrand;71;16324;308,0925262;76,25693526;4,040190248;1667,800662;606,9198113;367,29;10,81258702;4;8;Otsu;3;255;0;05.04.2023
190C-250h;Sample1;Stelle1 DF 100 60 kx 10s Lochrand;72;1047;52,30884334;32,07109914;1,631027459;1592,26361;869,1117479;23,5575;2,738354459;4;8;Otsu;3;255;0;05.04.2023
190C-250h;Sample1;Stelle1 DF 100 60 kx 10s Lochrand;73;735;47,15009376;20,89099972;2,256957273;1594,614966;251,4965986;16,5375;2,294351704;4;8;Otsu;3;255;0;05.04.2023
190C-250h;Sample1;Stelle1 DF 100 60 kx 10s Lochrand;74;774;53,78248207;20,63328992;2,606587815;1588,541344;764,4328165;17,415;2,354435531;4;8;Otsu;3;255;0;05.04.2023
190C-250h;Sample1;Stelle1 DF 100 60 kx 10s Lochrand;75;157;18,49558215;10,95151094;1,688861222;1591,898089;979,2738854;3,5325;1,060391283;4;8;Otsu;3;255;0;05.04.2023
190C-250h;Sample1;Stelle1 DF 100 60 kx 10s Lochrand;76;216;20,60732248;14,13134505;1,45827042;1601,166667;1867,425926;4,86;1,243778938;4;8;Otsu;3;255;0;05.04.2023
190C-250h;Sample1;Stelle1 DF 100 60 kx 10s Lochrand;77;1986;74,43967097;38,82002189;1,917558707;1639,890735;1834,932024;44,685;3,771429075;4;8;Otsu;3;255;0;05.04.2023
190C-250h;Sample1;Stelle1 DF 100 60 kx 10s Lochrand;78;165;24,03634842;9,150832645;2,626684297;1617,50303;729,2424242;3,7125;1,087071963;4;8;Otsu;3;255;0;05.04.2023
190C-250h;Sample1;Stelle1 DF 100 60 kx 10s Lochrand;79;425;39,09834425;14,37217469;2,720419498;1658,451765;109,8188235;9,5625;1,744659934;4;8;Otsu;3;255;0;05.04.2023
190C-250h;Sample1;Stelle1 DF 100 60 kx 10s Lochrand;80;116;12,57108519;11,78427448;1,066767853;1736,043103;686,25;2,61;0,911476167;4;8;Otsu;3;255;0;05.04.2023
190C-250h;Sample1;Stelle1 DF 100 60 kx 10s Lochrand;81;424;28,84438882;18,92777738;1,523918431;1787,584906;1483,853774;9,54;1,742606184;4;8;Otsu;3;255;0;05.04.2023
190C-250h;Sample1;Stelle1 DF 100 60 kx 10s Lochrand;82;732;46,5683258;21,13909002;2,20294846;1797,651639;295,613388;16,47;2,289664566;4;8;Otsu;3;255;0;05.04.2023
190C-250h;Sample1;Stelle1 DF 100 60 kx 10s Lochrand;83;12867;148,5278865;142,0889777;1,045316034;1852,817984;1864,648791;289,5075;9,599640586;4;8;Otsu;3;255;0;05.04.2023
190C-250h;Sample1;Stelle1 DF 100 60 kx 10s Lochrand;84;289;30,30883564;12,55247632;2,414570231;1846,124567;1178,079585;6,5025;1,438683438;4;8;Otsu;3;255;0;05.04.2023
190C-250h;Sample1;Stelle1 DF 100 60 kx 10s Lochrand;85;613;34,94149737;24,18583596;1,444709103;1861,174551;1207,814029;13,7925;2,095301674;4;8;Otsu;3;255;0;05.04.2023
190C-250h;Sample1;Stelle1 DF 100 60 kx 10s Lochrand;86;814;39,6907249;26,8892706;1,476080385;1869,69656;303,3636364;18,315;2,414507313;4;8;Otsu;3;255;0;05.04.2023
190C-250h;Sample1;Stelle1 DF 100 60 kx 10s Lochrand;87;5553;161,0838483;49,74236845;3,238363057;1925,872501;638,2636413;124,9425;6,306380337;4;8;Otsu;3;255;0;05.04.2023
190C-250h;Sample1;Stelle1 DF 100 60 kx 10s Lochrand;88;8643;126,4737455;87,55578313;1,444493338;1910,506884;116,6272128;194,4675;7,867714267;4;8;Otsu;3;255;0;05.04.2023
190C-250h;Sample1;Stelle1 DF 100 60 kx 10s Lochrand;89;4837;134,7429841;49,92837615;2,698725545;1901,104404;1731,365516;108,8325;5,885784628;4;8;Otsu;3;255;0;05.04.2023
190C-250h;Sample1;Stelle1 DF 100 60 kx 10s Lochrand;90;434;30,12716098;20,75030908;1,451889746;1902,089862;1633,315668;9,765;1,763036029;4;8;Otsu;3;255;0;05.04.2023
190C-250h;Sample1;Stelle1 DF 100 60 kx 10s Lochrand;91;751;35,20251612;27,40883502;1,284349229;1910,267643;1903,949401;16,8975;2,319189794;4;8;Otsu;3;255;0;05.04.2023
190C-250h;Sample1;Stelle1 DF 100 60 kx 10s Lochrand;92;113;13,8904727;10,37401562;1,338967784;1904,867257;1186,141593;2,5425;0,899612631;4;8;Otsu;3;255;0;05.04.2023
190C-250h;Sample1;Stelle1 DF 100 60 kx 10s Lochrand;93;272;25,19363767;16,10058128;1,564765721;1915,588235;1152,132353;6,12;1,395727948;4;8;Otsu;3;255;0;05.04.2023
190C-250h;Sample1;Stelle1 DF 100 60 kx 10s Lochrand;94;1270;66,43557427;27,59846599;2,407219817;1949,006299;1239,256693;28,575;3,015908652;4;8;Otsu;3;255;0;05.04.2023
190C-250h;Sample1;Stelle1 DF 100 60 kx 10s Lochrand;95;915;53,21872116;22,28299703;2,388310742;1960,02623;741,4786885;20,5875;2,559922808;4;8;Otsu;3;255;0;05.04.2023
190C-250h;Sample1;Stelle1 DF 100 60 kx 10s Lochrand;96;185;22,57411571;10,51792764;2,146251285;1974,189189;1167,67027;4,1625;1,151071197;4;8;Otsu;3;255;0;05.04.2023
190C-250h;Sample1;Stelle1 DF 100 60 kx 10s Lochrand;97;187;18,09912695;13,20607378;1,370515359;1994,973262;1243,219251;4,2075;1,157276478;4;8;Otsu;3;255;0;05.04.2023
190C-250h;Sample1;Stelle2 DF 100 60 kx 10s Lochrand;1;2632;69,49423122;49,9227509;1,392035294;33,42591185;1422,652356;59,22;4,341694538;4;8;Otsu;3;255;0;05.04.2023
190C-250h;Sample1;Stelle2 DF 100 60 kx 10s Lochrand;2;823;35,17912824;30,58166275;1,150334059;44,22478736;1910,065614;18,5175;2,427818634;4;8;Otsu;3;255;0;05.04.2023
190C-250h;Sample1;Stelle2 DF 100 60 kx 10s Lochrand;3;145;17,33591765;10,65390193;1,627189527;78,6137931;1145,448276;3,2625;1,019061335;4;8;Otsu;3;255;0;05.04.2023
190C-250h;Sample1;Stelle2 DF 100 60 kx 10s Lochrand;4;1134;41,9419416;34,85995494;1,203155359;180,7451499;427,2116402;25,515;2,849855566;4;8;Otsu;3;255;0;05.04.2023
190C-250h;Sample1;Stelle2 DF 100 60 kx 10s Lochrand;5;147;17,10088522;10,99532312;1,555287191;210,9455782;1599,319728;3,3075;1,026065275;4;8;Otsu;3;255;0;05.04.2023
190C-250h;Sample1;Stelle2 DF 100 60 kx 10s Lochrand;6;3465;84,4321992;53,35443318;1,582477672;319,1492063;1821,560462;77,9625;4,981589556;4;8;Otsu;3;255;0;05.04.2023
190C-250h;Sample1;Stelle2 DF 100 60 kx 10s Lochrand;7;2667;77,59650913;44,43063011;1,746464296;354,5965504;43,23434571;60,0075;4,370466851;4;8;Otsu;3;255;0;05.04.2023
190C-250h;Sample1;Stelle2 DF 100 60 kx 10s Lochrand;8;950;41,4701481;29,9339449;1,38538867;341,9873684;820,2863158;21,375;2,608423627;4;8;Otsu;3;255;0;05.04.2023
190C-250h;Sample1;Stelle2 DF 100 60 kx 10s Lochrand;9;138;15,93641463;11,01918387;1,446242737;344,8913043;943,1376812;3,105;0,99415904;4;8;Otsu;3;255;0;05.04.2023
190C-250h;Sample1;Stelle2 DF 100 60 kx 10s Lochrand;10;311;24,28055331;17,38552829;1,396595657;383,3215434;393,1832797;6,9975;1,492438752;4;8;Otsu;3;255;0;05.04.2023
190C-250h;Sample1;Stelle2 DF 100 60 kx 10s Lochrand;11;548;29,75918443;25,32314737;1,175177161;394,7262774;224,8156934;12,33;1,98110093;4;8;Otsu;3;255;0;05.04.2023
190C-250h;Sample1;Stelle2 DF 100 60 kx 10s Lochrand;12;508;27,11085031;24,67953317;1,098515524;476;1711,78937;11,43;1,907428111;4;8;Otsu;3;255;0;05.04.2023
190C-250h;Sample1;Stelle2 DF 100 60 kx 10s Lochrand;13;429;45,09183728;12,81797018;3,517860992;660,6736597;1623,918415;9,6525;1,752850871;4;8;Otsu;3;255;0;05.04.2023
190C-250h;Sample1;Stelle2 DF 100 60 kx 10s Lochrand;14;321;28,06366315;14,66342769;1,913854233;691,834891;513,4797508;7,2225;1,516243105;4;8;Otsu;3;255;0;05.04.2023
190C-250h;Sample1;Stelle2 DF 100 60 kx 10s Lochrand;15;102;16,73583861;7,996595463;2,092870484;691,9803922;1628,215686;2,295;0,854705323;4;8;Otsu;3;255;0;05.04.2023
190C-250h;Sample1;Stelle2 DF 100 60 kx 10s Lochrand;16;10434;138,8529061;102,3962941;1,356034486;765,2132452;1052,510926;234,765;8,644537028;4;8;Otsu;3;255;0;05.04.2023
190C-250h;Sample1;Stelle2 DF 100 60 kx 10s Lochrand;17;163;16,81007658;12,46940808;1,348105417;719,7730061;1782,245399;3,6675;1,080463561;4;8;Otsu;3;255;0;05.04.2023
190C-250h;Sample1;Stelle2 DF 100 60 kx 10s Lochrand;18;1991;62,57648412;43,65512738;1,43342805;816,5369161;1176,801607;44,7975;3,776173609;4;8;Otsu;3;255;0;05.04.2023
190C-250h;Sample1;Stelle2 DF 100 60 kx 10s Lochrand;19;408;29,82509144;17,76045709;1,679297514;814,2794118;1252,365196;9,18;1,709410646;4;8;Otsu;3;255;0;05.04.2023
190C-250h;Sample1;Stelle2 DF 100 60 kx 10s Lochrand;20;4525;110,1241202;54,71102054;2,012832499;880,5955801;687,9834254;101,8125;5,692795911;4;8;Otsu;3;255;0;05.04.2023
190C-250h;Sample1;Stelle2 DF 100 60 kx 10s Lochrand;21;8532;144,7117515;76,10220166;1,901544875;1033,73324;473,1408814;191,97;7,817029413;4;8;Otsu;3;255;0;05.04.2023
190C-250h;Sample1;Stelle2 DF 100 60 kx 10s Lochrand;22;3800;94,57708952;52,63057639;1,796998931;1002,438158;1633,703684;85,5;5,216847254;4;8;Otsu;3;255;0;05.04.2023
190C-250h;Sample1;Stelle2 DF 100 60 kx 10s Lochrand;23;2778;103,0758256;35,53939224;2,900326063;1245,12995;1942,87041;62,505;4,460488699;4;8;Otsu;3;255;0;05.04.2023
190C-250h;Sample1;Stelle2 DF 100 60 kx 10s Lochrand;24;6024;110,8753787;76,05744195;1,457784746;1328,9751;112,4209827;135,54;6,56838808;4;8;Otsu;3;255;0;05.04.2023
190C-250h;Sample1;Stelle2 DF 100 60 kx 10s Lochrand;25;1385;66,66646087;28,4927586;2,339768564;1323,741516;1978,100361;31,1625;3,149497075;4;8;Otsu;3;255;0;05.04.2023
190C-250h;Sample1;Stelle2 DF 100 60 kx 10s Lochrand;26;400;25,84878219;20,40249885;1,266941975;1310,5475;1945,08;9;1,692568751;4;8;Otsu;3;255;0;05.04.2023
190C-250h;Sample1;Stelle2 DF 100 60 kx 10s Lochrand;27;594;29,08166633;26,86376245;1,082561178;1354,417508;843,6969697;13,365;2,06257403;4;8;Otsu;3;255;0;05.04.2023
190C-250h;Sample1;Stelle2 DF 100 60 kx 10s Lochrand;28;330;22,28971647;19,00554604;1,172800636;1378,366667;38,50606061;7,425;1,537351913;4;8;Otsu;3;255;0;05.04.2023
190C-250h;Sample1;Stelle2 DF 100 60 kx 10s Lochrand;29;1505;60,58054423;33,57913992;1,804112445;1428,805316;754,5328904;33,8625;3,283103489;4;8;Otsu;3;255;0;05.04.2023
190C-250h;Sample1;Stelle2 DF 100 60 kx 10s Lochrand;30;10294;131,8491745;101,527467;1,298655215;1498,183602;192,315135;231,615;8,586346388;4;8;Otsu;3;255;0;05.04.2023
190C-250h;Sample1;Stelle2 DF 100 60 kx 10s Lochrand;31;2582;63,30744085;52,40841497;1,20796328;1574,8567;1706,685902;58,095;4,300257299;4;8;Otsu;3;255;0;05.04.2023
190C-250h;Sample1;Stelle2 DF 100 60 kx 10s Lochrand;32;1902;56,8097774;43,15515142;1,316407788;1611,414826;1176,385384;42,795;3,690809068;4;8;Otsu;3;255;0;05.04.2023
190C-250h;Sample1;Stelle2 DF 100 60 kx 10s Lochrand;33;2913;64,16711625;58,57598104;1,095450987;1645,90079;1282,320288;65,5425;4,567584232;4;8;Otsu;3;255;0;05.04.2023
190C-250h;Sample1;Stelle2 DF 100 60 kx 10s Lochrand;34;7811;132,6002069;75,57980299;1,7544397;1773,350659;1171,917296;175,7475;7,479449627;4;8;Otsu;3;255;0;05.04.2023
190C-250h;Sample1;Stelle2 DF 100 60 kx 10s Lochrand;35;924;48,19317291;28,40394749;1,696706872;1829,722944;782,5357143;20,79;2,572481785;4;8;Otsu;3;255;0;05.04.2023
190C-250h;Sample1;Stelle2 DF 100 60 kx 10s Lochrand;36;238;19,9661511;15,42994709;1,29398701;1857,462185;786,6176471;5,355;1,305583946;4;8;Otsu;3;255;0;05.04.2023
190C-250h;Sample1;Stelle2 DF 100 60 kx 10s Lochrand;37;3085;73,2983797;54,50512818;1,344797859;1985,898541;978,3361426;69,4125;4,700498375;4;8;Otsu;3;255;0;05.04.2023
190C-250h;Sample1;Stelle3 DF 100 60 kx 10s Lochrand;1;103;12,22436188;10,76374555;1,135697776;30,53398058;1246,834951;2,3175;0,858884836;4;8;Otsu;3;255;0;05.04.2023
190C-250h;Sample1;Stelle3 DF 100 60 kx 10s Lochrand;2;2321;66,54190397;44,85469187;1,483499299;70,09952607;411,1176217;52,2225;4,077123745;4;8;Otsu;3;255;0;05.04.2023
190C-250h;Sample1;Stelle3 DF 100 60 kx 10s Lochrand;3;560;38,16554358;19,34591023;1,972796479;82,54821429;1962,483929;12,6;2,002674353;4;8;Otsu;3;255;0;05.04.2023
190C-250h;Sample1;Stelle3 DF 100 60 kx 10s Lochrand;4;3582;76,7019516;61,43446075;1,248516723;124,5011167;202,0025126;80,595;5,064996079;4;8;Otsu;3;255;0;05.04.2023
190C-250h;Sample1;Stelle3 DF 100 60 kx 10s Lochrand;5;101;11,80840292;11,37215279;1,038361262;111,3663366;2010,465347;2,2725;0,850505271;4;8;Otsu;3;255;0;05.04.2023
190C-250h;Sample1;Stelle3 DF 100 60 kx 10s Lochrand;6;454;35,06559901;16,97726696;2,065444284;157,9229075;1270,204846;10,215;1,803201455;4;8;Otsu;3;255;0;05.04.2023
190C-250h;Sample1;Stelle3 DF 100 60 kx 10s Lochrand;7;255;34,21071496;12,59052847;2,717178635;182,2588235;891,6156863;5,7375;1,351407774;4;8;Otsu;3;255;0;05.04.2023
190C-250h;Sample1;Stelle3 DF 100 60 kx 10s Lochrand;8;615;39,21301348;31,70527178;1,236797898;196,3365854;1085,115447;13,8375;2,098717001;4;8;Otsu;3;255;0;05.04.2023
190C-250h;Sample1;Stelle3 DF 100 60 kx 10s Lochrand;9;150;22,89957173;8,714780106;2,62767063;190,8933333;815,0866667;3,375;1,036482448;4;8;Otsu;3;255;0;05.04.2023
190C-250h;Sample1;Stelle3 DF 100 60 kx 10s Lochrand;10;168;18,82720566;12,06259847;1,560791873;199,5595238;1049,065476;3,78;1,096909919;4;8;Otsu;3;255;0;05.04.2023
190C-250h;Sample1;Stelle3 DF 100 60 kx 10s Lochrand;11;112;16,78072013;8,817192921;1,903181691;221,2857143;498,6160714;2,52;0,895623198;4;8;Otsu;3;255;0;05.04.2023
190C-250h;Sample1;Stelle3 DF 100 60 kx 10s Lochrand;12;383;33,16081632;15,11445523;2,193980254;223,8537859;894,305483;8,6175;1,656211171;4;8;Otsu;3;255;0;05.04.2023
190C-250h;Sample1;Stelle3 DF 100 60 kx 10s Lochrand;13;536;61,43624119;13,46700245;4,561983369;238,1641791;339,3208955;12,06;1,95928998;4;8;Otsu;3;255;0;05.04.2023
190C-250h;Sample1;Stelle3 DF 100 60 kx 10s Lochrand;14;544;49,60232779;14,82401177;3,346079897;283,25;365,5974265;12,24;1,973857393;4;8;Otsu;3;255;0;05.04.2023
190C-250h;Sample1;Stelle3 DF 100 60 kx 10s Lochrand;15;104;14,84613211;8,928996403;1,662687657;531,5865385;1866,057692;2,34;0,863044109;4;8;Otsu;3;255;0;05.04.2023
190C-250h;Sample1;Stelle3 DF 100 60 kx 10s Lochrand;16;217;18,48807014;15,99920916;1,155561501;540,078341;1530,101382;4,8825;1,246654731;4;8;Otsu;3;255;0;05.04.2023
190C-250h;Sample1;Stelle3 DF 100 60 kx 10s Lochrand;17;2885;83,65530719;44,30532905;1,888154517;580,179896;1041,748007;64,9125;4,545579225;4;8;Otsu;3;255;0;05.04.2023
190C-250h;Sample1;Stelle3 DF 100 60 kx 10s Lochrand;18;675;37,41596497;23,10380895;1,619471709;817,36;1341,682963;15,1875;2,198711304;4;8;Otsu;3;255;0;05.04.2023
190C-250h;Sample1;Stelle3 DF 100 60 kx 10s Lochrand;19;11751;144,2102603;108,1142211;1,333869484;919,4585142;1686,690069;264,3975;9,173894382;4;8;Otsu;3;255;0;05.04.2023
190C-250h;Sample1;Stelle3 DF 100 60 kx 10s Lochrand;20;10814;149,9002596;94,04074463;1,593992691;971,5105419;314,079804;243,315;8,800543731;4;8;Otsu;3;255;0;05.04.2023
190C-250h;Sample1;Stelle3 DF 100 60 kx 10s Lochrand;21;1384;45,44768921;39,1833186;1,159873406;950,4154624;576,9118497;31,14;3,148359868;4;8;Otsu;3;255;0;05.04.2023
190C-250h;Sample1;Stelle3 DF 100 60 kx 10s Lochrand;22;2215;58,29308146;49,05518172;1,188316492;1198,796388;435,4117381;49,8375;3,982934716;4;8;Otsu;3;255;0;05.04.2023
190C-250h;Sample1;Stelle3 DF 100 60 kx 10s Lochrand;23;7173;121,0727715;82,71358849;1,463759144;1290,290813;1706,24871;161,3925;7,167484099;4;8;Otsu;3;255;0;05.04.2023
190C-250h;Sample1;Stelle3 DF 100 60 kx 10s Lochrand;24;585;74,73539008;11,29150298;6,61872828;1299,589744;1762,622222;13,1625;2,046888829;4;8;Otsu;3;255;0;05.04.2023
190C-250h;Sample1;Stelle3 DF 100 60 kx 10s Lochrand;25;1236;61,46633507;30,7851822;1,996620799;1296,173948;1805,945793;27,81;2,975264347;4;8;Otsu;3;255;0;05.04.2023
190C-250h;Sample1;Stelle3 DF 100 60 kx 10s Lochrand;26;7361;125,113897;76,89193106;1,627139484;1389,345877;1564,129602;165,6225;7,260804303;4;8;Otsu;3;255;0;05.04.2023
190C-250h;Sample1;Stelle3 DF 100 60 kx 10s Lochrand;27;3308;82,74878064;51,91794544;1,593837737;1531,386336;1882,256348;74,43;4,867422812;4;8;Otsu;3;255;0;05.04.2023
190C-250h;Sample1;Stelle3 DF 100 60 kx 10s Lochrand;28;3202;68,72084753;60,50132215;1,135856955;1582,351968;1629,574953;72,045;4,788803165;4;8;Otsu;3;255;0;05.04.2023
190C-250h;Sample1;Stelle3 DF 100 60 kx 10s Lochrand;29;16802;192,1219209;114,5033325;1,677871873;1751,255803;582,0131532;378,045;10,96975209;4;8;Otsu;3;255;0;05.04.2023
190C-250h;Sample1;Stelle3 DF 100 60 kx 10s Lochrand;30;152;25,25298822;8,296522921;3,043803827;1701,105263;767,3815789;3,42;1,043369451;4;8;Otsu;3;255;0;05.04.2023
190C-250h;Sample1;Stelle3 DF 100 60 kx 10s Lochrand;31;785;42,23570763;27,08590575;1,559324175;1707,384713;792,1745223;17,6625;2,371106991;4;8;Otsu;3;255;0;05.04.2023
190C-250h;Sample1;Stelle3 DF 100 60 kx 10s Lochrand;32;562;40,6061733;19,32367896;2,101368657;1725,969751;1966,243772;12,645;2,00624737;4;8;Otsu;3;255;0;05.04.2023
190C-250h;Sample1;Stelle3 DF 100 60 kx 10s Lochrand;33;256;21,39067575;15,6596811;1,365971351;1757,941406;1977,761719;5,76;1,354055001;4;8;Otsu;3;255;0;05.04.2023
190C-250h;Sample1;Stelle3 DF 100 60 kx 10s Lochrand;34;393;26,17461499;20,06603273;1,304424016;1912,223919;1151,203562;8,8425;1,677693407;4;8;Otsu;3;255;0;05.04.2023
190C-250h;Sample1;Stelle4 DF 100 60 kx 10s Lochrand;1;180;15,84131257;14,50828546;1,091880402;15,52777778;1743,177778;4,05;1,135409635;4;8;Otsu;3;255;0;05.04.2023
190C-250h;Sample1;Stelle4 DF 100 60 kx 10s Lochrand;2;1659;46,57167277;45,72205898;1,018582142;61,89089813;884,3152502;37,3275;3,44698597;4;8;Otsu;3;255;0;05.04.2023
190C-250h;Sample1;Stelle4 DF 100 60 kx 10s Lochrand;3;1295;45,78857782;36,33148594;1,260300167;72,08571429;1281,73668;29,1375;3,045448129;4;8;Otsu;3;255;0;05.04.2023
190C-250h;Sample1;Stelle4 DF 100 60 kx 10s Lochrand;4;481;30,12042625;20,76305573;1,450674055;134,8981289;1135,091476;10,8225;1,856046536;4;8;Otsu;3;255;0;05.04.2023
190C-250h;Sample1;Stelle4 DF 100 60 kx 10s Lochrand;5;37504;705,145497;100,5863814;7,010347593;227,1750747;1003,135906;843,84;16,38910047;4;8;Otsu;3;255;0;05.04.2023
190C-250h;Sample1;Stelle4 DF 100 60 kx 10s Lochrand;6;218;21,41204359;13,8852757;1,542068306;223,233945;715,1055046;4,905;1,249523906;4;8;Otsu;3;255;0;05.04.2023
190C-250h;Sample1;Stelle4 DF 100 60 kx 10s Lochrand;7;1123;43,48415754;40,76676749;1,066656991;236,0204809;676,9839715;25,2675;2,835999832;4;8;Otsu;3;255;0;05.04.2023
190C-250h;Sample1;Stelle4 DF 100 60 kx 10s Lochrand;8;10157;123,1174747;108,3674992;1,136110694;287,1957271;1324,600079;228,5325;8,529018353;4;8;Otsu;3;255;0;05.04.2023
190C-250h;Sample1;Stelle4 DF 100 60 kx 10s Lochrand;9;8232;174,201316;66,78859094;2,608249605;281,6299806;371,7768465;185,22;7,678369431;4;8;Otsu;3;255;0;05.04.2023
190C-250h;Sample1;Stelle4 DF 100 60 kx 10s Lochrand;10;564;43,61134212;17,68238112;2,466372704;272,3617021;566,8368794;12,69;2,009814035;4;8;Otsu;3;255;0;05.04.2023
190C-250h;Sample1;Stelle4 DF 100 60 kx 10s Lochrand;11;121;15,02017246;10,48214334;1,432929503;270,7520661;671,6198347;2,7225;0,930912813;4;8;Otsu;3;255;0;05.04.2023
190C-250h;Sample1;Stelle4 DF 100 60 kx 10s Lochrand;12;397;30,87243187;19,83981034;1,55608503;285,2468514;489,2468514;8,9325;1,686209672;4;8;Otsu;3;255;0;05.04.2023
190C-250h;Sample1;Stelle4 DF 100 60 kx 10s Lochrand;13;161;19,52758085;10,71949289;1,821688867;280,1428571;1556,627329;3,6225;1,073814492;4;8;Otsu;3;255;0;05.04.2023
190C-250h;Sample1;Stelle4 DF 100 60 kx 10s Lochrand;14;351;43,84666902;10,92248026;4,01435095;289,2307692;547,9316239;7,8975;1,585513269;4;8;Otsu;3;255;0;05.04.2023
190C-250h;Sample1;Stelle4 DF 100 60 kx 10s Lochrand;15;14242;335,2779573;61,7078529;5,433311022;449,3964331;1237,852689;320,445;10,09954511;4;8;Otsu;3;255;0;05.04.2023
190C-250h;Sample1;Stelle4 DF 100 60 kx 10s Lochrand;16;1193;47,91089965;34,80842246;1,376416863;352,6647108;315,0125733;26,8425;2,923052021;4;8;Otsu;3;255;0;05.04.2023
190C-250h;Sample1;Stelle4 DF 100 60 kx 10s Lochrand;17;3474;73,40290646;60,45767971;1,214120469;423,738342;696,6255037;78,165;4,988054957;4;8;Otsu;3;255;0;05.04.2023
190C-250h;Sample1;Stelle4 DF 100 60 kx 10s Lochrand;18;100;13,18042273;9,723767622;1,355485162;404,12;537,28;2,25;0,846284375;4;8;Otsu;3;255;0;05.04.2023
190C-250h;Sample1;Stelle4 DF 100 60 kx 10s Lochrand;19;572;30,48099478;23,97671971;1,271274601;412,3758741;1903,513986;12,87;2,024017845;4;8;Otsu;3;255;0;05.04.2023
190C-250h;Sample1;Stelle4 DF 100 60 kx 10s Lochrand;20;383;33,05697693;15,75081501;2,098747074;450,4464752;1603,005222;8,6175;1,656211171;4;8;Otsu;3;255;0;05.04.2023
190C-250h;Sample1;Stelle4 DF 100 60 kx 10s Lochrand;21;412;41,10755939;16,03053531;2,564328551;594,9975728;338,3179612;9,27;1,717769672;4;8;Otsu;3;255;0;05.04.2023
190C-250h;Sample1;Stelle4 DF 100 60 kx 10s Lochrand;22;300;20,76100659;18,42719684;1,126650286;685,8366667;1092,636667;6,75;1,465807536;4;8;Otsu;3;255;0;05.04.2023
190C-250h;Sample1;Stelle4 DF 100 60 kx 10s Lochrand;23;4754;140,0452775;47,26722385;2,962841184;767,3960875;1280,46971;106,965;5,835067864;4;8;Otsu;3;255;0;05.04.2023
190C-250h;Sample1;Stelle4 DF 100 60 kx 10s Lochrand;24;262;24,61399264;14,05339903;1,751461877;852,1564885;980,1030534;5,895;1,369830931;4;8;Otsu;3;255;0;05.04.2023
190C-250h;Sample1;Stelle4 DF 100 60 kx 10s Lochrand;25;331;25,81132523;17,34464438;1,488143813;916,2205438;137,755287;7,4475;1,539679472;4;8;Otsu;3;255;0;05.04.2023
190C-250h;Sample1;Stelle4 DF 100 60 kx 10s Lochrand;26;383;26,99550744;18,51299302;1,458192492;918,0182768;1413,600522;8,6175;1,656211171;4;8;Otsu;3;255;0;05.04.2023
190C-250h;Sample1;Stelle4 DF 100 60 kx 10s Lochrand;27;927;74,55701879;16,20328712;4,601351458;1009,544768;1063,703344;20,8575;2,576654508;4;8;Otsu;3;255;0;05.04.2023
190C-250h;Sample1;Stelle4 DF 100 60 kx 10s Lochrand;28;15883;164,2043781;126,8256232;1,294725577;1097,480325;167,7657873;357,3675;10,66553366;4;8;Otsu;3;255;0;05.04.2023
190C-250h;Sample1;Stelle4 DF 100 60 kx 10s Lochrand;29;5858;143,6229349;65,75910247;2,184076873;1148,331171;1319,675145;131,805;6,477255171;4;8;Otsu;3;255;0;05.04.2023
190C-250h;Sample1;Stelle4 DF 100 60 kx 10s Lochrand;30;130;14,19779469;11,77179052;1,20608625;1090,438462;1953,423077;2,925;0,964912647;4;8;Otsu;3;255;0;05.04.2023
190C-250h;Sample1;Stelle4 DF 100 60 kx 10s Lochrand;31;428;30,11935727;20,24842786;1,487491152;1170,663551;1412,36215;9,63;1,750806729;4;8;Otsu;3;255;0;05.04.2023
190C-250h;Sample1;Stelle4 DF 100 60 kx 10s Lochrand;32;110;17,57258604;8,039093833;2,185891396;1184,772727;1498,018182;2,475;0,887590541;4;8;Otsu;3;255;0;05.04.2023
190C-250h;Sample1;Stelle4 DF 100 60 kx 10s Lochrand;33;253;26,2723376;12,8609468;2,042799648;1187,940711;1470,16996;5,6925;1,346097703;4;8;Otsu;3;255;0;05.04.2023
190C-250h;Sample1;Stelle4 DF 100 60 kx 10s Lochrand;34;209;19,54363529;13,78501475;1,417744968;1302,038278;1330,827751;4,7025;1,223459129;4;8;Otsu;3;255;0;05.04.2023
190C-250h;Sample1;Stelle4 DF 100 60 kx 10s Lochrand;35;3865;78,25935463;63,90907393;1,224542147;1439,751358;707,45511;86,9625;5,261275841;4;8;Otsu;3;255;0;05.04.2023
190C-250h;Sample1;Stelle4 DF 100 60 kx 10s Lochrand;36;12944;200,4566096;94,06823648;2,13097021;1475,638983;197,983699;291,24;9,62832131;4;8;Otsu;3;255;0;05.04.2023
190C-250h;Sample1;Stelle4 DF 100 60 kx 10s Lochrand;37;482;40,09909852;17,00334658;2,35830625;1465,748963;1536,8361;10,845;1,857974896;4;8;Otsu;3;255;0;05.04.2023
190C-250h;Sample1;Stelle4 DF 100 60 kx 10s Lochrand;38;1004;66,50169309;25,14381987;2,64485243;1476,810757;1437,301793;22,59;2,681533205;4;8;Otsu;3;255;0;05.04.2023
190C-250h;Sample1;Stelle4 DF 100 60 kx 10s Lochrand;39;15380;196,0503326;104,1858561;1,881736543;1567,567815;1862,268856;346,05;10,49529114;4;8;Otsu;3;255;0;05.04.2023
190C-250h;Sample1;Stelle4 DF 100 60 kx 10s Lochrand;40;1843;58,81849675;40,74201662;1,443681527;1526,634835;492,3412914;41,4675;3,633113707;4;8;Otsu;3;255;0;05.04.2023
190C-250h;Sample1;Stelle4 DF 100 60 kx 10s Lochrand;41;277;29,09133343;13,20863366;2,202448351;1521,711191;1544,501805;6,2325;1,408497911;4;8;Otsu;3;255;0;05.04.2023
190C-250h;Sample1;Stelle4 DF 100 60 kx 10s Lochrand;42;99;15,39749852;8,517672815;1,807711901;1560,929293;1456,191919;2,2275;0,842042322;4;8;Otsu;3;255;0;05.04.2023
190C-250h;Sample1;Stelle4 DF 100 60 kx 10s Lochrand;43;691;67,10366654;15,25381056;4,399141203;1602,091172;1458,241679;15,5475;2,224617485;4;8;Otsu;3;255;0;05.04.2023
190C-250h;Sample1;Stelle4 DF 100 60 kx 10s Lochrand;44;722;45,90860736;20,79206413;2,207987002;1628,731302;1018,891967;16,245;2,273970998;4;8;Otsu;3;255;0;05.04.2023
190C-250h;Sample1;Stelle4 DF 100 60 kx 10s Lochrand;45;1113;40,78511785;37,43378446;1,089526972;1664,131177;1502,61186;25,0425;2,823344705;4;8;Otsu;3;255;0;05.04.2023
190C-250h;Sample1;Stelle4 DF 100 60 kx 10s Lochrand;46;657;42,27563685;23,66052713;1,78675803;1666,535769;1468,665145;14,7825;2,169197062;4;8;Otsu;3;255;0;05.04.2023
190C-250h;Sample1;Stelle4 DF 100 60 kx 10s Lochrand;47;250;25,22236402;16,37624137;1,54018028;1676,116;429,856;5,625;1,338093087;4;8;Otsu;3;255;0;05.04.2023
190C-250h;Sample1;Stelle4 DF 100 60 kx 10s Lochrand;48;4286;97,43242988;57,77420061;1,686434929;1716,688987;359,3497434;96,435;5,540416399;4;8;Otsu;3;255;0;05.04.2023
190C-250h;Sample1;Stelle4 DF 100 60 kx 10s Lochrand;49;776;56,55800227;21,21906472;2,665433327;1738,505155;1130,146907;17,46;2,357475474;4;8;Otsu;3;255;0;05.04.2023
190C-250h;Sample1;Stelle4 DF 100 60 kx 10s Lochrand;50;105;14,07722842;9,572721213;1,470556606;1719,771429;1476,333333;2,3625;0,867183433;4;8;Otsu;3;255;0;05.04.2023
190C-250h;Sample1;Stelle4 DF 100 60 kx 10s Lochrand;51;4362;84,55256194;67,49287496;1,252762784;1768,737506;100,9158643;98,145;5,589322301;4;8;Otsu;3;255;0;05.04.2023
190C-250h;Sample1;Stelle4 DF 100 60 kx 10s Lochrand;52;477;39,09113588;19,17464197;2,03868922;1785,417191;1482,622642;10,7325;1,848312975;4;8;Otsu;3;255;0;05.04.2023
190C-250h;Sample1;Stelle4 DF 100 60 kx 10s Lochrand;53;454;37,25059069;16,48149699;2,260146073;1806,546256;429,2753304;10,215;1,803201455;4;8;Otsu;3;255;0;05.04.2023
190C-250h;Sample1;Stelle4 DF 100 60 kx 10s Lochrand;54;3002;67,88561941;56,66663801;1,197982125;1853,709194;849,0083278;67,545;4,636835264;4;8;Otsu;3;255;0;05.04.2023
190C-250h;Sample1;Stelle4 DF 100 60 kx 10s Lochrand;55;7037;183,6286278;60,87987134;3,016245332;1930,438539;450,9427313;158,3325;7,099211228;4;8;Otsu;3;255;0;05.04.2023
190C-250h;Sample1;Stelle4 DF 100 60 kx 10s Lochrand;56;101;12,13129494;10,56075082;1,148715195;1843,930693;1592,069307;2,2725;0,850505271;4;8;Otsu;3;255;0;05.04.2023
190C-250h;Sample1;Stelle4 DF 100 60 kx 10s Lochrand;57;3523;73,69322676;61,28400297;1,202487161;1951,096793;611,1078626;79,2675;5,023109485;4;8;Otsu;3;255;0;05.04.2023
190C-250h;Sample1;Stelle4 DF 100 60 kx 10s Lochrand;58;1277;58,70318062;28,40166265;2,066892398;1967,69538;66,36961629;28,7325;3,02420879;4;8;Otsu;3;255;0;05.04.2023
190C-250h;Sample1;Stelle4 DF 100 60 kx 10s Lochrand;59;606;31,81033127;25,36650758;1,254028809;1962,00165;1099,613861;13,635;2,083303938;4;8;Otsu;3;255;0;05.04.2023
190C-250h;Sample1;Stelle4 DF 100 60 kx 10s Lochrand;60;112;13,39104292;10,66465267;1,255647355;1994,080357;334,4107143;2,52;0,895623198;4;8;Otsu;3;255;0;05.04.2023
190C-250h;Sample1;Stelle5 DF 100 60 kx 10s Lochrand;1;2853;110,5788576;35,00707253;3,158757633;96,34174553;1823,57273;64,1925;4,520299478;4;8;Otsu;3;255;0;05.04.2023
190C-250h;Sample1;Stelle5 DF 100 60 kx 10s Lochrand;2;3702;96,30890065;49,23171531;1,956236951;71,62776877;1077,50027;83,295;5,149137983;4;8;Otsu;3;255;0;05.04.2023
190C-250h;Sample1;Stelle5 DF 100 60 kx 10s Lochrand;3;6282;104,8130668;76,80438419;1,364675571;126,2604266;872,604107;141,345;6,70757116;4;8;Otsu;3;255;0;05.04.2023
190C-250h;Sample1;Stelle5 DF 100 60 kx 10s Lochrand;4;769;36,92814559;26,95505077;1,369989836;108,6684005;742,0897269;17,3025;2,346818443;4;8;Otsu;3;255;0;05.04.2023
190C-250h;Sample1;Stelle5 DF 100 60 kx 10s Lochrand;5;132;19,5967293;8,792024654;2,228921104;140,3257576;320,9924242;2,97;0,972306722;4;8;Otsu;3;255;0;05.04.2023
190C-250h;Sample1;Stelle5 DF 100 60 kx 10s Lochrand;6;239;22,7170722;13,50508752;1,68211218;140,9874477;671,6527197;5,3775;1,308323895;4;8;Otsu;3;255;0;05.04.2023
190C-250h;Sample1;Stelle5 DF 100 60 kx 10s Lochrand;7;3534;172,2889411;31,71890804;5,431742506;229,7340125;1302,455291;79,515;5,030945299;4;8;Otsu;3;255;0;05.04.2023
190C-250h;Sample1;Stelle5 DF 100 60 kx 10s Lochrand;8;201;24,14792062;10,75968073;2,244297133;149,5721393;1286,79602;4,5225;1,199815178;4;8;Otsu;3;255;0;05.04.2023
190C-250h;Sample1;Stelle5 DF 100 60 kx 10s Lochrand;9;9829;139,8410102;91,66529761;1,525561078;213,5427816;590,1781463;221,1525;8,390174438;4;8;Otsu;3;255;0;05.04.2023
190C-250h;Sample1;Stelle5 DF 100 60 kx 10s Lochrand;10;231;32,4817368;9,18761512;3,535382836;211;1317,640693;5,1975;1,286240892;4;8;Otsu;3;255;0;05.04.2023
190C-250h;Sample1;Stelle5 DF 100 60 kx 10s Lochrand;11;5853;94,89740618;78,94328938;1,202095921;334,3851017;1092,486417;131,6925;6,474490303;4;8;Otsu;3;255;0;05.04.2023
190C-250h;Sample1;Stelle5 DF 100 60 kx 10s Lochrand;12;241;20,90657026;14,7117929;1,421075623;296,7551867;1936,385892;5,4225;1,313786649;4;8;Otsu;3;255;0;05.04.2023
190C-250h;Sample1;Stelle5 DF 100 60 kx 10s Lochrand;13;261;28,31644295;12,16342023;2,328000054;301,48659;765,164751;5,8725;1,36721425;4;8;Otsu;3;255;0;05.04.2023
190C-250h;Sample1;Stelle5 DF 100 60 kx 10s Lochrand;14;4941;90,26351163;70,34537221;1,283147829;342,247116;346,1208257;111,1725;5,948723041;4;8;Otsu;3;255;0;05.04.2023
190C-250h;Sample1;Stelle5 DF 100 60 kx 10s Lochrand;15;3806;120,4732341;50,12674461;2,403372393;366,622701;1328,929848;85,635;5,220964193;4;8;Otsu;3;255;0;05.04.2023
190C-250h;Sample1;Stelle5 DF 100 60 kx 10s Lochrand;16;16612;347,6517291;62,26695749;5,583245803;382,0482182;1597,949856;373,77;10,90755179;4;8;Otsu;3;255;0;05.04.2023
190C-250h;Sample1;Stelle5 DF 100 60 kx 10s Lochrand;17;14920;244,5856942;88,80009387;2,754340492;467,194437;702,7342493;335,7;10,337148;4;8;Otsu;3;255;0;05.04.2023
190C-250h;Sample1;Stelle5 DF 100 60 kx 10s Lochrand;18;551;32,15002149;22,12462206;1,453133139;438,2014519;1152,096189;12,3975;1,986516251;4;8;Otsu;3;255;0;05.04.2023
190C-250h;Sample1;Stelle5 DF 100 60 kx 10s Lochrand;19;1091;46,32399758;30,67365145;1,510221163;441,1640697;954,4133822;24,5475;2,79530176;4;8;Otsu;3;255;0;05.04.2023
190C-250h;Sample1;Stelle5 DF 100 60 kx 10s Lochrand;20;149;15,68257272;12,32546914;1,272371261;461,9194631;842,1409396;3,3525;1,033021729;4;8;Otsu;3;255;0;05.04.2023
190C-250h;Sample1;Stelle5 DF 100 60 kx 10s Lochrand;21;3736;133,0560781;37,77889327;3,521968659;510,8297645;264,3905246;84,06;5,17272936;4;8;Otsu;3;255;0;05.04.2023
190C-250h;Sample1;Stelle5 DF 100 60 kx 10s Lochrand;22;467;39,44765812;16,26518411;2,425281992;516,1862955;158,261242;10,5075;1,828836004;4;8;Otsu;3;255;0;05.04.2023
190C-250h;Sample1;Stelle5 DF 100 60 kx 10s Lochrand;23;3934;78,77276511;64,08559489;1,229180524;554,7941027;787,25394;88,515;5,30803161;4;8;Otsu;3;255;0;05.04.2023
190C-250h;Sample1;Stelle5 DF 100 60 kx 10s Lochrand;24;2670;132,3912889;32,77613115;4,039259189;635,5599251;690,8494382;60,075;4,37292424;4;8;Otsu;3;255;0;05.04.2023
190C-250h;Sample1;Stelle5 DF 100 60 kx 10s Lochrand;25;221;25,69259505;11,37407416;2,258873529;622,9140271;39,75113122;4,9725;1,25809217;4;8;Otsu;3;255;0;05.04.2023
190C-250h;Sample1;Stelle5 DF 100 60 kx 10s Lochrand;26;4334;78,24469781;71,43480115;1,095330239;661,2406553;1407,34264;97,515;5,571354283;4;8;Otsu;3;255;0;05.04.2023
190C-250h;Sample1;Stelle5 DF 100 60 kx 10s Lochrand;27;8678;163,1731986;104,0469493;1,568265092;723,2318507;1598,21687;195,255;7,883628405;4;8;Otsu;3;255;0;05.04.2023
190C-250h;Sample1;Stelle5 DF 100 60 kx 10s Lochrand;28;5580;89,63968875;80,39074167;1,115049904;741,6636201;77,22885305;125,55;6,321693302;4;8;Otsu;3;255;0;05.04.2023
190C-250h;Sample1;Stelle5 DF 100 60 kx 10s Lochrand;29;409;24,72229381;21,93405478;1,127119179;713,6210269;697,0342298;9,2025;1,71150423;4;8;Otsu;3;255;0;05.04.2023
190C-250h;Sample1;Stelle5 DF 100 60 kx 10s Lochrand;30;160;25,31667573;8,511737776;2,974325149;719,94375;1761,78125;3,6;1,07047447;4;8;Otsu;3;255;0;05.04.2023
190C-250h;Sample1;Stelle5 DF 100 60 kx 10s Lochrand;31;1156;74,96610212;21,27577631;3,523542504;734,3148789;1681,973183;26,01;2,877366876;4;8;Otsu;3;255;0;05.04.2023
190C-250h;Sample1;Stelle5 DF 100 60 kx 10s Lochrand;32;12478;380,3939753;56,42659165;6,741395576;795,6645296;1257,202276;280,755;9,453416953;4;8;Otsu;3;255;0;05.04.2023
190C-250h;Sample1;Stelle5 DF 100 60 kx 10s Lochrand;33;365;26,06409372;18,17337298;1,434191317;752,9424658;698,7835616;8,2125;1,616824029;4;8;Otsu;3;255;0;05.04.2023
190C-250h;Sample1;Stelle5 DF 100 60 kx 10s Lochrand;34;4628;89,79207172;67,43319248;1,331570825;801,812446;1722,511668;104,13;5,757222286;4;8;Otsu;3;255;0;05.04.2023
190C-250h;Sample1;Stelle5 DF 100 60 kx 10s Lochrand;35;402;32,88893935;17,19283218;1,912944825;792,1766169;1633,241294;9,045;1,696794896;4;8;Otsu;3;255;0;05.04.2023
190C-250h;Sample1;Stelle5 DF 100 60 kx 10s Lochrand;36;11002;312,3576758;51,80510126;6,029477178;826,8638429;963,0163607;247,545;8,876712273;4;8;Otsu;3;255;0;05.04.2023
190C-250h;Sample1;Stelle5 DF 100 60 kx 10s Lochrand;37;6732;276,0979699;44,93915106;6,143818105;845,7286096;667,5301545;151,47;6,943658867;4;8;Otsu;3;255;0;05.04.2023
190C-250h;Sample1;Stelle5 DF 100 60 kx 10s Lochrand;38;265;24,76753831;13,71284994;1,806155426;1042,649057;1089,528302;5,9625;1,377651152;4;8;Otsu;3;255;0;05.04.2023
190C-250h;Sample1;Stelle5 DF 100 60 kx 10s Lochrand;39;11805;178,1337349;87,69402868;2,031309743;1100,54011;707,5528166;265,6125;9,194948866;4;8;Otsu;3;255;0;05.04.2023
190C-250h;Sample1;Stelle5 DF 100 60 kx 10s Lochrand;40;2238;63,44827637;45,24488533;1,402330361;1165,02815;465,6496872;50,355;4,003560205;4;8;Otsu;3;255;0;05.04.2023
190C-250h;Sample1;Stelle5 DF 100 60 kx 10s Lochrand;41;1054;43,62797428;30,7916157;1,416878371;1161,485769;1840,600569;23,715;2,747493212;4;8;Otsu;3;255;0;05.04.2023
190C-250h;Sample1;Stelle5 DF 100 60 kx 10s Lochrand;42;38632;316,7150546;200,4344726;1,58014263;1326,043772;1766,230042;869,22;16,63374039;4;8;Otsu;3;255;0;05.04.2023
190C-250h;Sample1;Stelle5 DF 100 60 kx 10s Lochrand;43;388;28,10086803;17,94564218;1,565888127;1185,698454;1167,768041;8,73;1,666986894;4;8;Otsu;3;255;0;05.04.2023
190C-250h;Sample1;Stelle5 DF 100 60 kx 10s Lochrand;44;196;20,20018817;12,54630254;1,610051098;1193,153061;1404,831633;4,41;1,184798125;4;8;Otsu;3;255;0;05.04.2023
190C-250h;Sample1;Stelle5 DF 100 60 kx 10s Lochrand;45;343;31,01271864;14,84024216;2,089771738;1197,673469;1322,950437;7,7175;1,567340597;4;8;Otsu;3;255;0;05.04.2023
190C-250h;Sample1;Stelle5 DF 100 60 kx 10s Lochrand;46;511;34,25121569;19,15493568;1,788114367;1210,334638;1837,266145;11,4975;1,91305199;4;8;Otsu;3;255;0;05.04.2023
190C-250h;Sample1;Stelle5 DF 100 60 kx 10s Lochrand;47;1510;50,72417881;38,10013036;1,331338721;1224,086755;612,8443709;33,975;3,288552627;4;8;Otsu;3;255;0;05.04.2023
190C-250h;Sample1;Stelle5 DF 100 60 kx 10s Lochrand;48;2101;123,8463783;25,99270395;4,76465929;1292,140885;1591,150405;47,2725;3,879085471;4;8;Otsu;3;255;0;05.04.2023
190C-250h;Sample1;Stelle5 DF 100 60 kx 10s Lochrand;49;244;23,40438623;14,40148155;1,625137396;1263,245902;1105,680328;5,49;1,321938454;4;8;Otsu;3;255;0;05.04.2023
190C-250h;Sample1;Stelle5 DF 100 60 kx 10s Lochrand;50;9871;177,5145239;72,16504942;2,459840675;1314,366933;408,5785635;222,0975;8,408081229;4;8;Otsu;3;255;0;05.04.2023
190C-250h;Sample1;Stelle5 DF 100 60 kx 10s Lochrand;51;888;42,5881757;26,81488608;1,588228851;1312,509009;1133,888514;19,98;2,52187064;4;8;Otsu;3;255;0;05.04.2023
190C-250h;Sample1;Stelle5 DF 100 60 kx 10s Lochrand;52;549;52,14663174;16,65927956;3,130185286;1315,996357;1955,420765;12,3525;1,98290768;4;8;Otsu;3;255;0;05.04.2023
190C-250h;Sample1;Stelle5 DF 100 60 kx 10s Lochrand;53;937;41,85802126;32,18560598;1,300519906;1341,502668;763,8164354;21,0825;2,590515041;4;8;Otsu;3;255;0;05.04.2023
190C-250h;Sample1;Stelle5 DF 100 60 kx 10s Lochrand;54;5951;182,3140404;49,49643325;3,683377335;1391,799698;1522,917157;133,8975;6,528468273;4;8;Otsu;3;255;0;05.04.2023
190C-250h;Sample1;Stelle5 DF 100 60 kx 10s Lochrand;55;605;68,12962035;11,89684446;5,726696736;1417,985124;1439,11405;13,6125;2,081584331;4;8;Otsu;3;255;0;05.04.2023
190C-250h;Sample1;Stelle5 DF 100 60 kx 10s Lochrand;56;3857;83,55711412;59,90586143;1,394806988;1444,741768;1638,665025;86,7825;5,255827975;4;8;Otsu;3;255;0;05.04.2023
190C-250h;Sample1;Stelle5 DF 100 60 kx 10s Lochrand;57;1395;85,54455721;22,43021795;3,81380856;1442,426523;1114,464516;31,3875;3,160846651;4;8;Otsu;3;255;0;05.04.2023
190C-250h;Sample1;Stelle5 DF 100 60 kx 10s Lochrand;58;689;40,63988152;26,3796746;1,540575543;1473,766328;794,9013062;15,5025;2,221395735;4;8;Otsu;3;255;0;05.04.2023
190C-250h;Sample1;Stelle5 DF 100 60 kx 10s Lochrand;59;927;40,9762403;28,92553722;1,416611211;1475,996764;1758,609493;20,8575;2,576654508;4;8;Otsu;3;255;0;05.04.2023
190C-250h;Sample1;Stelle5 DF 100 60 kx 10s Lochrand;60;401;33,32023911;21,99512636;1,514891915;1499,269327;577,3890274;9,0225;1,694683141;4;8;Otsu;3;255;0;05.04.2023
190C-250h;Sample1;Stelle5 DF 100 60 kx 10s Lochrand;61;592;48,50277237;15,74727273;3,080074449;1503,464527;1671,798986;13,32;2,059098755;4;8;Otsu;3;255;0;05.04.2023
190C-250h;Sample1;Stelle5 DF 100 60 kx 10s Lochrand;62;127;14,23403968;11,53670255;1,233804861;1512,425197;510,3700787;2,8575;0,953714056;4;8;Otsu;3;255;0;05.04.2023
190C-250h;Sample1;Stelle5 DF 100 60 kx 10s Lochrand;63;2572;68,75038686;48,1889243;1,426684406;1588,511275;1719,440902;57,87;4,291921844;4;8;Otsu;3;255;0;05.04.2023
190C-250h;Sample1;Stelle5 DF 100 60 kx 10s Lochrand;64;336;25,5884952;16,91050462;1,513171592;1570,431548;504,8035714;7,56;1,551264884;4;8;Otsu;3;255;0;05.04.2023
190C-250h;Sample1;Stelle5 DF 100 60 kx 10s Lochrand;65;2044;54,44869173;47,95237385;1,135474375;1631,219667;1183,906556;45,99;3,82610398;4;8;Otsu;3;255;0;05.04.2023
190C-250h;Sample1;Stelle5 DF 100 60 kx 10s Lochrand;66;2021;56,83536168;45,60831626;1,246162243;1641,592776;1580,053934;45,4725;3,804516566;4;8;Otsu;3;255;0;05.04.2023
190C-250h;Sample1;Stelle5 DF 100 60 kx 10s Lochrand;67;945;44,40456279;27,49083602;1,615249633;1704,428571;1433,921693;21,2625;2,601550298;4;8;Otsu;3;255;0;05.04.2023
190C-250h;Sample1;Stelle5 DF 100 60 kx 10s Lochrand;68;627;42,92811598;19,22417812;2,233027374;1785,942584;18,77830941;14,1075;2,119093372;4;8;Otsu;3;255;0;05.04.2023
190C-250h;Sample1;Stelle5 DF 100 60 kx 10s Lochrand;69;967;51,6728469;24,66236322;2,095210684;1800,557394;952,3040331;21,7575;2,631658669;4;8;Otsu;3;255;0;05.04.2023
190C-250h;Sample1;Stelle5 DF 100 60 kx 10s Lochrand;70;38596;781,8450101;96,67388509;8,087447912;1880,512385;494,1097523;868,41;16,62598834;4;8;Otsu;3;255;0;05.04.2023
190C-250h;Sample1;Stelle5 DF 100 60 kx 10s Lochrand;71;296;26,90143561;14,68265902;1,832190993;1835,922297;889,1993243;6,66;1,456002693;4;8;Otsu;3;255;0;05.04.2023
190C-250h;Sample1;Stelle5 DF 100 60 kx 10s Lochrand;72;304;27,98609246;14,58467231;1,918870158;1842,927632;1859,851974;6,84;1,475547228;4;8;Otsu;3;255;0;05.04.2023
190C-250h;Sample1;Stelle5 DF 100 60 kx 10s Lochrand;73;1263;66,56615836;26,1719433;2,543416727;1865,273951;1727,007126;28,4175;3,007585608;4;8;Otsu;3;255;0;05.04.2023
190C-250h;Sample1;Stelle5 DF 100 60 kx 10s Lochrand;74;653;49,52841066;19,50352921;2,539458891;1914,552833;1462,754977;14,6925;2,162583641;4;8;Otsu;3;255;0;05.04.2023
190C-250h;Sample1;Stelle5 DF 100 60 kx 10s Lochrand;75;139;14,29333429;12,89066345;1,108812928;1927,870504;1735,330935;3,1275;0,997754564;4;8;Otsu;3;255;0;05.04.2023
190C-250h;Sample1;Stelle5 DF 100 60 kx 10s Lochrand;76;4021;79,70500392;64,6013295;1,233798198;1990,429993;1002,189256;90,4725;5,366403934;4;8;Otsu;3;255;0;05.04.2023
190C-250h;Sample1;Stelle5 DF 100 60 kx 10s Lochrand;77;514;39,99788959;18,47053101;2,165497547;1973,859922;1647,66537;11,565;1,918659384;4;8;Otsu;3;255;0;05.04.2023
190C-250h;Sample1;Stelle5 DF 100 60 kx 10s Lochrand;78;231;25,34655944;11,77063223;2,153372814;1973,277056;842,4588745;5,1975;1,286240892;4;8;Otsu;3;255;0;05.04.2023
190C-250h;Sample1;Stelle5 DF 100 60 kx 10s Lochrand;79;598;36,79613346;20,89969041;1,760606628;2014,734114;1910,607023;13,455;2,069507071;4;8;Otsu;3;255;0;05.04.2023
190C-250h;Sample1;Stelle6 DF 100 60 kx 10s Lochrand;1;169;17,7138784;12,38375297;1,430412771;9,142011834;137,7514793;3,8025;1,100169688;4;8;Otsu;3;255;0;05.04.2023
190C-250h;Sample1;Stelle6 DF 100 60 kx 10s Lochrand;2;2158;73,60275329;39,74229817;1,85200043;84,22706209;303,4814643;48,555;3,931353014;4;8;Otsu;3;255;0;05.04.2023
190C-250h;Sample1;Stelle6 DF 100 60 kx 10s Lochrand;3;6821;118,6498683;74,93915496;1,58328271;152,2550946;1192,834775;153,4725;6,989407272;4;8;Otsu;3;255;0;05.04.2023
190C-250h;Sample1;Stelle6 DF 100 60 kx 10s Lochrand;4;1264;46,93863422;34,6996959;1,352710247;163,0411392;362,7879747;28,44;3,008776024;4;8;Otsu;3;255;0;05.04.2023
190C-250h;Sample1;Stelle6 DF 100 60 kx 10s Lochrand;5;379;41,48737479;12,01232103;3,4537351;190,2295515;532,9894459;8,5275;1,647539849;4;8;Otsu;3;255;0;05.04.2023
190C-250h;Sample1;Stelle6 DF 100 60 kx 10s Lochrand;6;246;27,31624354;11,71581029;2,331571002;205,7195122;1921,276423;5,535;1,327345177;4;8;Otsu;3;255;0;05.04.2023
190C-250h;Sample1;Stelle6 DF 100 60 kx 10s Lochrand;7;170;23,79361958;9,513603419;2,501010241;203,7117647;1722,011765;3,825;1,103419827;4;8;Otsu;3;255;0;05.04.2023
190C-250h;Sample1;Stelle6 DF 100 60 kx 10s Lochrand;8;172;15,89384273;13,78760458;1,152763168;259,7965116;1050,197674;3,87;1,109891553;4;8;Otsu;3;255;0;05.04.2023
190C-250h;Sample1;Stelle6 DF 100 60 kx 10s Lochrand;9;1181;46,99211639;32,99870256;1,424059516;303,6342083;195,7070279;26,5725;2,90831385;4;8;Otsu;3;255;0;05.04.2023
190C-250h;Sample1;Stelle6 DF 100 60 kx 10s Lochrand;10;8737;135,8777236;82,66234794;1,643768016;395,8181298;619,7813895;196,5825;7,91038262;4;8;Otsu;3;255;0;05.04.2023
190C-250h;Sample1;Stelle6 DF 100 60 kx 10s Lochrand;11;2019;52,716265;48,91675111;1,077673063;406,0673601;1415,358593;45,4275;3,802633608;4;8;Otsu;3;255;0;05.04.2023
190C-250h;Sample1;Stelle6 DF 100 60 kx 10s Lochrand;12;380;29,88998206;20,44294941;1,462116912;511,2078947;1621,297368;8,55;1,649711953;4;8;Otsu;3;255;0;05.04.2023
190C-250h;Sample1;Stelle6 DF 100 60 kx 10s Lochrand;13;3103;67,91078479;58,7849114;1,155241765;637,3963906;1716,888173;69,8175;4,714191392;4;8;Otsu;3;255;0;05.04.2023
190C-250h;Sample1;Stelle6 DF 100 60 kx 10s Lochrand;14;16028;472,9009512;49,71116227;9,512973136;797,4571375;1362,733092;360,63;10,71410725;4;8;Otsu;3;255;0;05.04.2023
190C-250h;Sample1;Stelle6 DF 100 60 kx 10s Lochrand;15;5360;101,4481085;68,15544079;1,488481438;695,6054104;986,3113806;120,6;6,195818935;4;8;Otsu;3;255;0;05.04.2023
190C-250h;Sample1;Stelle6 DF 100 60 kx 10s Lochrand;16;125;16,06551135;9,940962575;1,616092127;706,248;873,528;2,8125;0,946174696;4;8;Otsu;3;255;0;05.04.2023
190C-250h;Sample1;Stelle6 DF 100 60 kx 10s Lochrand;17;413;26,08097093;20,2985917;1,28486603;752,2324455;218,3874092;9,2925;1,71985308;4;8;Otsu;3;255;0;05.04.2023
190C-250h;Sample1;Stelle6 DF 100 60 kx 10s Lochrand;18;3281;125,397876;34,79230269;3,60418444;815,0158488;1978,546175;73,8225;4,847518084;4;8;Otsu;3;255;0;05.04.2023
190C-250h;Sample1;Stelle6 DF 100 60 kx 10s Lochrand;19;533;32,5852347;21,43661687;1,520073568;803,3564728;264,2776735;11,9925;1,953799199;4;8;Otsu;3;255;0;05.04.2023
190C-250h;Sample1;Stelle6 DF 100 60 kx 10s Lochrand;20;6104;123,2281159;65,40229927;1,884155714;960,6662844;82,85796199;137,34;6,611859025;4;8;Otsu;3;255;0;05.04.2023
190C-250h;Sample1;Stelle6 DF 100 60 kx 10s Lochrand;21;541;40,14619816;17,39923916;2,30735366;937,4879852;746,4898336;12,1725;1,968407247;4;8;Otsu;3;255;0;05.04.2023
190C-250h;Sample1;Stelle6 DF 100 60 kx 10s Lochrand;22;430;29,74517614;18,79012223;1,583021961;988,6674419;1992,274419;9,675;1,754892632;4;8;Otsu;3;255;0;05.04.2023
190C-250h;Sample1;Stelle6 DF 100 60 kx 10s Lochrand;23;136;14,46166063;12,00423764;1,204712957;981,5441176;987,2132353;3,06;0,986928696;4;8;Otsu;3;255;0;05.04.2023
190C-250h;Sample1;Stelle6 DF 100 60 kx 10s Lochrand;24;11753;159,2855993;95,859058;1,661664559;1055,89441;791,3614396;264,4425;9,174675039;4;8;Otsu;3;255;0;05.04.2023
190C-250h;Sample1;Stelle6 DF 100 60 kx 10s Lochrand;25;1795;99,07895064;24,18644933;4,09646531;1090,530362;2006,118106;40,3875;3,585490277;4;8;Otsu;3;255;0;05.04.2023
190C-250h;Sample1;Stelle6 DF 100 60 kx 10s Lochrand;26;921;40,25105799;29,33385807;1,372170612;1065,47557;981,092291;20,7225;2,568302283;4;8;Otsu;3;255;0;05.04.2023
190C-250h;Sample1;Stelle6 DF 100 60 kx 10s Lochrand;27;732;40,00505992;23,53776344;1,699611776;1141,617486;107,1639344;16,47;2,289664566;4;8;Otsu;3;255;0;05.04.2023
190C-250h;Sample1;Stelle6 DF 100 60 kx 10s Lochrand;28;505;28,34623855;23,74545933;1,193754063;1148,693069;184,190099;11,3625;1,901787602;4;8;Otsu;3;255;0;05.04.2023
190C-250h;Sample1;Stelle6 DF 100 60 kx 10s Lochrand;29;754;58,97496045;16,69843958;3,531764759;1195,549072;509,9549072;16,965;2,323817381;4;8;Otsu;3;255;0;05.04.2023
190C-250h;Sample1;Stelle6 DF 100 60 kx 10s Lochrand;30;955;40,2562673;33,2796648;1,2096356;1242,840838;1628,787435;21,4875;2,615278891;4;8;Otsu;3;255;0;05.04.2023
190C-250h;Sample1;Stelle6 DF 100 60 kx 10s Lochrand;31;135;15,52988298;11,04887344;1,405562573;1238,807407;514,0148148;3,0375;0,983293588;4;8;Otsu;3;255;0;05.04.2023
190C-250h;Sample1;Stelle6 DF 100 60 kx 10s Lochrand;32;540;28,25095809;24,40695146;1,157496385;1299,124074;1067,1;12,15;1,966587175;4;8;Otsu;3;255;0;05.04.2023
190C-250h;Sample1;Stelle6 DF 100 60 kx 10s Lochrand;33;2055;56,08753277;46,85942804;1,196931655;1318,12944;1281,164477;46,2375;3,836385455;4;8;Otsu;3;255;0;05.04.2023
190C-250h;Sample1;Stelle6 DF 100 60 kx 10s Lochrand;34;985;39,63467631;32,49960171;1,219543447;1310,15533;728,3482234;22,1625;2,65603894;4;8;Otsu;3;255;0;05.04.2023
190C-250h;Sample1;Stelle6 DF 100 60 kx 10s Lochrand;35;487;30,64891125;20,6376464;1,485097218;1335,700205;1387,464066;10,9575;1,867586833;4;8;Otsu;3;255;0;05.04.2023
190C-250h;Sample1;Stelle6 DF 100 60 kx 10s Lochrand;36;410;35,24241657;14,97760884;2,353006874;1348,685366;525,9926829;9,225;1,713595256;4;8;Otsu;3;255;0;05.04.2023
190C-250h;Sample1;Stelle6 DF 100 60 kx 10s Lochrand;37;134;16,26569978;10,53993299;1,543245084;1353,343284;1814,985075;3,015;0,97964499;4;8;Otsu;3;255;0;05.04.2023
190C-250h;Sample1;Stelle6 DF 100 60 kx 10s Lochrand;38;139;20,69983913;8,632594064;2,397870093;1383,733813;530,4820144;3,1275;0,997754564;4;8;Otsu;3;255;0;05.04.2023
190C-250h;Sample1;Stelle6 DF 100 60 kx 10s Lochrand;39;605;54,75909352;15,22103106;3,59759423;1456,758678;1655,14876;13,6125;2,081584331;4;8;Otsu;3;255;0;05.04.2023
190C-250h;Sample1;Stelle6 DF 100 60 kx 10s Lochrand;40;2947;82,52637673;45,94921934;1,79603436;1573,911096;1304,919579;66,3075;4,594162903;4;8;Otsu;3;255;0;05.04.2023
190C-250h;Sample1;Stelle6 DF 100 60 kx 10s Lochrand;41;5446;98,10526964;71,03923401;1,381001231;1626,80426;1102,742196;122,535;6,245326405;4;8;Otsu;3;255;0;05.04.2023
190C-250h;Sample1;Stelle6 DF 100 60 kx 10s Lochrand;42;10706;213,4854614;68,53351825;3,11505183;1702,400149;1544,619092;240,885;8,756487705;4;8;Otsu;3;255;0;05.04.2023
190C-250h;Sample1;Stelle6 DF 100 60 kx 10s Lochrand;43;559;29,45819493;24,43580316;1,205534139;1611,025045;971,3828265;12,5775;2,000885452;4;8;Otsu;3;255;0;05.04.2023
190C-250h;Sample1;Stelle6 DF 100 60 kx 10s Lochrand;44;8471;136,9534036;81,41036784;1,682259978;1718,373037;822,6674537;190,5975;7,789035148;4;8;Otsu;3;255;0;05.04.2023
190C-250h;Sample1;Stelle6 DF 100 60 kx 10s Lochrand;45;784;41,50299325;24,25060412;1,711421004;1695,524235;234,0280612;17,64;2,369596251;4;8;Otsu;3;255;0;05.04.2023
190C-250h;Sample1;Stelle6 DF 100 60 kx 10s Lochrand;46;5267;91,27183713;73,96178574;1,234040474;1836,562939;1324,112018;118,5075;6,141832694;4;8;Otsu;3;255;0;05.04.2023
190C-250h;Sample1;Stelle6 DF 100 60 kx 10s Lochrand;47;4387;80,53609712;69,83657167;1,153208057;1847,476408;580,2646455;98,7075;5,605316502;4;8;Otsu;3;255;0;05.04.2023
190C-250h;Sample1;Stelle6 DF 100 60 kx 10s Lochrand;48;10931;298,7991187;51,73830141;5,775201554;1876,801665;1776,147653;245,9475;8,848023549;4;8;Otsu;3;255;0;05.04.2023
190C-250h;Sample1;Stelle6 DF 100 60 kx 10s Lochrand;49;708;34,35842214;27,08245513;1,268659801;1874,758475;1950,105932;15,93;2,251816264;4;8;Otsu;3;255;0;05.04.2023
190C-250h;Sample1;Stelle6 DF 100 60 kx 10s Lochrand;50;927;42,85496173;33,72333646;1,270780599;1897,854369;1504,653722;20,8575;2,576654508;4;8;Otsu;3;255;0;05.04.2023
190C-250h;Sample1;Stelle6 DF 100 60 kx 10s Lochrand;51;3282;108,376018;43,73563673;2,477979656;1917,156917;1399,809872;73,845;4,848256753;4;8;Otsu;3;255;0;05.04.2023
190C-250h;Sample1;Stelle6 DF 100 60 kx 10s Lochrand;52;535;39,60272558;18,18950945;2,177228896;1933,343925;1253,95514;12,0375;1,957461431;4;8;Otsu;3;255;0;05.04.2023
190C-250h;Sample1;Stelle6 DF 100 60 kx 10s Lochrand;53;2325;102,5977426;36,9448217;2,777053397;1939,943226;1167,269677;52,3125;4,08063548;4;8;Otsu;3;255;0;05.04.2023
190C-250h;Sample1;Stelle6 DF 100 60 kx 10s Lochrand;54;12030;238,089485;68,22243194;3,48990029;1971,303408;913,9906899;270,675;9,282161841;4;8;Otsu;3;255;0;05.04.2023
190C-250h;Sample1;Stelle6 DF 100 60 kx 10s Lochrand;55;590;33,83247781;22,72249684;1,488941908;1951,311864;114,279661;13,275;2,055617605;4;8;Otsu;3;255;0;05.04.2023
190C-250h;Sample1;Stelle6 DF 100 60 kx 10s Lochrand;56;755;43,53710461;24,37299266;1,786284729;2000,029139;633,7668874;16,9875;2,325357863;4;8;Otsu;3;255;0;05.04.2023
190C-250h;Sample1;Stelle6 DF 100 60 kx 10s Lochrand;57;103;13,50378471;9,854218255;1,370355756;2010,84466;607,815534;2,3175;0,858884836;4;8;Otsu;3;255;0;05.04.2023
190C-250h;Sample1;Stelle7 DF 100 60 kx 10s Lochrand;1;531;30,75918782;22,38382128;1,374170542;40,35781544;299,4557439;11,9475;1,950130089;4;8;Otsu;3;255;0;05.04.2023
190C-250h;Sample1;Stelle7 DF 100 60 kx 10s Lochrand;2;12036;190,1095931;81,76557987;2,325056502;174,2625457;1159,5334;270,81;9,284476306;4;8;Otsu;3;255;0;05.04.2023
190C-250h;Sample1;Stelle7 DF 100 60 kx 10s Lochrand;3;1484;79,98024792;29,54567781;2,70700332;154,0208895;1330,638814;33,39;3,260117651;4;8;Otsu;3;255;0;05.04.2023
190C-250h;Sample1;Stelle7 DF 100 60 kx 10s Lochrand;4;3293;69,83244843;60,87491198;1,147146602;266,5086547;1358,676283;74,0925;4,856374702;4;8;Otsu;3;255;0;05.04.2023
190C-250h;Sample1;Stelle7 DF 100 60 kx 10s Lochrand;5;1372;92,82021011;19,4223698;4,77903629;282,1698251;768,8819242;30,87;3,134681194;4;8;Otsu;3;255;0;05.04.2023
190C-250h;Sample1;Stelle7 DF 100 60 kx 10s Lochrand;6;880;40,77632501;28,22401526;1,444738625;270,8931818;1796,672727;19,8;2,510485162;4;8;Otsu;3;255;0;05.04.2023
190C-250h;Sample1;Stelle7 DF 100 60 kx 10s Lochrand;7;172;17,44432058;13,84258859;1,260192085;318,5872093;1817,709302;3,87;1,109891553;4;8;Otsu;3;255;0;05.04.2023
190C-250h;Sample1;Stelle7 DF 100 60 kx 10s Lochrand;8;3770;87,72352972;57,45894795;1,526716601;377,162069;1619,89443;84,825;5,196213631;4;8;Otsu;3;255;0;05.04.2023
190C-250h;Sample1;Stelle7 DF 100 60 kx 10s Lochrand;9;1160;68,23201779;22,11748573;3,084980753;367,375;444,7793103;26,1;2,882340721;4;8;Otsu;3;255;0;05.04.2023
190C-250h;Sample1;Stelle7 DF 100 60 kx 10s Lochrand;10;7553;178,5111241;54,83815085;3,255236024;469,060903;871,0410433;169,9425;7,354888023;4;8;Otsu;3;255;0;05.04.2023
190C-250h;Sample1;Stelle7 DF 100 60 kx 10s Lochrand;11;794;39,02844974;26,15433645;1,49223628;439,8110831;1925,741814;17,865;2,384660587;4;8;Otsu;3;255;0;05.04.2023
190C-250h;Sample1;Stelle7 DF 100 60 kx 10s Lochrand;12;1281;90,815311;18,38762758;4,938935737;486,8649493;1875,205308;28,8225;3,028941514;4;8;Otsu;3;255;0;05.04.2023
190C-250h;Sample1;Stelle7 DF 100 60 kx 10s Lochrand;13;7060;151,8067457;64,70073643;2,346290848;586,2220963;92,21657224;158,85;7,11080343;4;8;Otsu;3;255;0;05.04.2023
190C-250h;Sample1;Stelle7 DF 100 60 kx 10s Lochrand;14;163;16,44970942;12,64752782;1,300626467;575,9693252;1360,680982;3,6675;1,080463561;4;8;Otsu;3;255;0;05.04.2023
190C-250h;Sample1;Stelle7 DF 100 60 kx 10s Lochrand;15;4310;92,56333589;60,44110098;1,531463431;614,9689095;438,9881671;96,975;5,555906876;4;8;Otsu;3;255;0;05.04.2023
190C-250h;Sample1;Stelle7 DF 100 60 kx 10s Lochrand;16;754;45,87547944;23,28447816;1,970217203;610,7824934;1828,852785;16,965;2,323817381;4;8;Otsu;3;255;0;05.04.2023
190C-250h;Sample1;Stelle7 DF 100 60 kx 10s Lochrand;17;110;15,19113031;9,282693724;1,636500219;645,4181818;1506,209091;2,475;0,887590541;4;8;Otsu;3;255;0;05.04.2023
190C-250h;Sample1;Stelle7 DF 100 60 kx 10s Lochrand;18;146;20,97771386;8,968454457;2,339055627;651,0753425;1494,821918;3,285;1,022569301;4;8;Otsu;3;255;0;05.04.2023
190C-250h;Sample1;Stelle7 DF 100 60 kx 10s Lochrand;19;512;31,65357127;20,74756074;1,525652662;659,4179688;644,9707031;11,52;1,914922946;4;8;Otsu;3;255;0;05.04.2023
190C-250h;Sample1;Stelle7 DF 100 60 kx 10s Lochrand;20;1952;57,27092887;46,83116202;1,222923507;683,9748975;892,0158811;43,92;3,739006579;4;8;Otsu;3;255;0;05.04.2023
190C-250h;Sample1;Stelle7 DF 100 60 kx 10s Lochrand;21;127;16,64588122;9,754155153;1,706542593;706,6220472;734,4094488;2,8575;0,953714056;4;8;Otsu;3;255;0;05.04.2023
190C-250h;Sample1;Stelle7 DF 100 60 kx 10s Lochrand;22;142;17,77957995;10,27049393;1,731131927;708,3380282;711,1478873;3,195;1,008464222;4;8;Otsu;3;255;0;05.04.2023
190C-250h;Sample1;Stelle7 DF 100 60 kx 10s Lochrand;23;1296;54,58490563;30,6463117;1,781124795;731,5895062;302,7260802;29,16;3,046623751;4;8;Otsu;3;255;0;05.04.2023
190C-250h;Sample1;Stelle7 DF 100 60 kx 10s Lochrand;24;6237;107,4999755;75,58910671;1,422162269;784,5598846;1047,458554;140,3325;6,68350373;4;8;Otsu;3;255;0;05.04.2023
190C-250h;Sample1;Stelle7 DF 100 60 kx 10s Lochrand;25;178;23,44588959;10,14350486;2,311418973;773,247191;1861,269663;4,005;1,129084184;4;8;Otsu;3;255;0;05.04.2023
190C-250h;Sample1;Stelle7 DF 100 60 kx 10s Lochrand;26;210;22,5352253;11,93848145;1,887612373;780,9714286;1635,395238;4,725;1,226382572;4;8;Otsu;3;255;0;05.04.2023
190C-250h;Sample1;Stelle7 DF 100 60 kx 10s Lochrand;27;233;22,95288791;12,96713288;1,770081953;845,3090129;716,8025751;5,2425;1,291797034;4;8;Otsu;3;255;0;05.04.2023
190C-250h;Sample1;Stelle7 DF 100 60 kx 10s Lochrand;28;532;32,27997846;21,30440998;1,515178242;872,7462406;1717,661654;11,97;1,951965506;4;8;Otsu;3;255;0;05.04.2023
190C-250h;Sample1;Stelle7 DF 100 60 kx 10s Lochrand;29;1958;53,24764321;47,66823486;1,117046674;966,1041879;1009,539837;44,055;3,744748594;4;8;Otsu;3;255;0;05.04.2023
190C-250h;Sample1;Stelle7 DF 100 60 kx 10s Lochrand;30;688;30,13077641;29,44352096;1,023341483;997,1017442;902,0406977;15,48;2,219783106;4;8;Otsu;3;255;0;05.04.2023
190C-250h;Sample1;Stelle7 DF 100 60 kx 10s Lochrand;31;856;49,1495042;22,78661564;2,156946208;1011,893692;1404,283879;19,26;2,476014622;4;8;Otsu;3;255;0;05.04.2023
190C-250h;Sample1;Stelle7 DF 100 60 kx 10s Lochrand;32;848;62,19340897;19,65914815;3,163586157;1023,580189;550,5966981;19,08;2,4644173;4;8;Otsu;3;255;0;05.04.2023
190C-250h;Sample1;Stelle7 DF 100 60 kx 10s Lochrand;33;172;17,34926154;12,62488242;1,374211732;1045,924419;751,3953488;3,87;1,109891553;4;8;Otsu;3;255;0;05.04.2023
190C-250h;Sample1;Stelle7 DF 100 60 kx 10s Lochrand;34;1270;44,966695;36,48460687;1,232484021;1102,023622;377,4433071;28,575;3,015908652;4;8;Otsu;3;255;0;05.04.2023
190C-250h;Sample1;Stelle7 DF 100 60 kx 10s Lochrand;35;142;16,82826056;10,88397474;1,546150278;1127,021127;1884,126761;3,195;1,008464222;4;8;Otsu;3;255;0;05.04.2023
190C-250h;Sample1;Stelle7 DF 100 60 kx 10s Lochrand;36;96;12,6923892;9,634579978;1,317378571;1128,4375;370,53125;2,16;0,829185959;4;8;Otsu;3;255;0;05.04.2023
190C-250h;Sample1;Stelle7 DF 100 60 kx 10s Lochrand;37;4251;95,3521883;57,23040743;1,666110597;1193,587862;685,4161374;95,6475;5,517748167;4;8;Otsu;3;255;0;05.04.2023
190C-250h;Sample1;Stelle7 DF 100 60 kx 10s Lochrand;38;355;21,89003837;20,99088029;1,042835654;1202,470423;280,6225352;7,9875;1,59452194;4;8;Otsu;3;255;0;05.04.2023
190C-250h;Sample1;Stelle7 DF 100 60 kx 10s Lochrand;39;178;19,34448523;11,94466923;1,61950782;1334,707865;1833,629213;4,005;1,129084184;4;8;Otsu;3;255;0;05.04.2023
190C-250h;Sample1;Stelle7 DF 100 60 kx 10s Lochrand;40;245;24,89343447;12,71269891;1,958154964;1459,542857;93,24081633;5,5125;1,324644574;4;8;Otsu;3;255;0;05.04.2023
190C-250h;Sample1;Stelle7 DF 100 60 kx 10s Lochrand;41;372;32,52242919;18,64375683;1,744413934;1561,973118;584,8575269;8,37;1,632254192;4;8;Otsu;3;255;0;05.04.2023
190C-250h;Sample1;Stelle7 DF 100 60 kx 10s Lochrand;42;5253;106,543623;64,14956176;1,660862835;1623,81877;1485,682277;118,1925;6,133664583;4;8;Otsu;3;255;0;05.04.2023
190C-250h;Sample1;Stelle7 DF 100 60 kx 10s Lochrand;43;696;33,79862603;26,47731434;1,276512625;1639,514368;656,7011494;15,66;2,232651522;4;8;Otsu;3;255;0;05.04.2023
190C-250h;Sample1;Stelle7 DF 100 60 kx 10s Lochrand;44;4602;86,71635817;68,23634436;1,27082362;1691,741851;89,88700565;103,545;5,741027536;4;8;Otsu;3;255;0;05.04.2023
190C-250h;Sample1;Stelle7 DF 100 60 kx 10s Lochrand;45;577;30,48405536;24,82849132;1,227785247;1783,129983;493,6065858;12,9825;2,032844829;4;8;Otsu;3;255;0;05.04.2023
190C-250h;Sample1;Stelle7 DF 100 60 kx 10s Lochrand;46;7184;127,8934765;72,08932376;1,774097325;1869,425668;913,5584633;161,64;7,172977764;4;8;Otsu;3;255;0;05.04.2023
190C-250h;Sample1;Stelle7 DF 100 60 kx 10s Lochrand;47;1832;53,75273439;44,05044467;1,22025407;1875,331878;1713,605349;41,22;3,622255307;4;8;Otsu;3;255;0;05.04.2023
190C-250h;Sample1;Stelle7 DF 100 60 kx 10s Lochrand;48;7181;199,6252846;53,64596094;3,721161501;2003,922434;671,9667177;161,5725;7,171479909;4;8;Otsu;3;255;0;05.04.2023
190C-250h;Sample1;Stelle8 DF 100 60 kx 10s Lochrand;1;8263;128,4242007;82,38718571;1,558788537;143,5631127;594,8182258;185,9175;7,692813417;4;8;Otsu;3;255;0;05.04.2023
190C-250h;Sample1;Stelle8 DF 100 60 kx 10s Lochrand;2;970;40,93682752;30,66207241;1,335096564;203,6092784;1418,957732;21,825;2,635737708;4;8;Otsu;3;255;0;05.04.2023
190C-250h;Sample1;Stelle8 DF 100 60 kx 10s Lochrand;3;920;36,1757188;32,49434118;1,113292884;236,0586957;929,4804348;20,7;2,566907603;4;8;Otsu;3;255;0;05.04.2023
190C-250h;Sample1;Stelle8 DF 100 60 kx 10s Lochrand;4;470;27,78640275;22,38289915;1,241412141;352,7638298;663,2957447;10,575;1,834700806;4;8;Otsu;3;255;0;05.04.2023
190C-250h;Sample1;Stelle8 DF 100 60 kx 10s Lochrand;5;5575;129,5285905;59,56072916;2,174731443;400,0249327;1810,920897;125,4375;6,318860368;4;8;Otsu;3;255;0;05.04.2023
190C-250h;Sample1;Stelle8 DF 100 60 kx 10s Lochrand;6;255;29,22499045;11,31122829;2,583715022;378,8;1344,356863;5,7375;1,351407774;4;8;Otsu;3;255;0;05.04.2023
190C-250h;Sample1;Stelle8 DF 100 60 kx 10s Lochrand;7;1939;60,63389858;41,6229665;1,456741402;420,8437339;410,6611655;43,6275;3,726535195;4;8;Otsu;3;255;0;05.04.2023
190C-250h;Sample1;Stelle8 DF 100 60 kx 10s Lochrand;8;3863;81,16804075;67,97598346;1,194069385;454,3471395;507,398395;86,9175;5,259914404;4;8;Otsu;3;255;0;05.04.2023
190C-250h;Sample1;Stelle8 DF 100 60 kx 10s Lochrand;9;259;39,62326085;8,664837791;4,572879701;475,6756757;756,9382239;5,8275;1,361965808;4;8;Otsu;3;255;0;05.04.2023
190C-250h;Sample1;Stelle8 DF 100 60 kx 10s Lochrand;10;1622;53,80252361;38,96597513;1,380756504;541,9025894;2014,794081;36,495;3,408330867;4;8;Otsu;3;255;0;05.04.2023
190C-250h;Sample1;Stelle8 DF 100 60 kx 10s Lochrand;11;621;33,24523466;24,19752207;1,373910707;584,3687601;735,7004831;13,9725;2,108929796;4;8;Otsu;3;255;0;05.04.2023
190C-250h;Sample1;Stelle8 DF 100 60 kx 10s Lochrand;12;5379;104,7975348;67,19857077;1,559520293;619,8707938;109,0881205;121,0275;6,206790616;4;8;Otsu;3;255;0;05.04.2023
190C-250h;Sample1;Stelle8 DF 100 60 kx 10s Lochrand;13;311;23,75274995;17,26002494;1,376171242;755,4726688;803,0675241;6,9975;1,492438752;4;8;Otsu;3;255;0;05.04.2023
190C-250h;Sample1;Stelle8 DF 100 60 kx 10s Lochrand;14;1921;61,03376738;40,27446998;1,515445576;869,945341;328,2597605;43,2225;3,709197899;4;8;Otsu;3;255;0;05.04.2023
190C-250h;Sample1;Stelle8 DF 100 60 kx 10s Lochrand;15;690;40,88361437;22,12723786;1,847660094;936,5565217;614,3057971;15,525;2,223007194;4;8;Otsu;3;255;0;05.04.2023
190C-250h;Sample1;Stelle8 DF 100 60 kx 10s Lochrand;16;167;16,37273229;12,99911764;1,259526435;1033,862275;1618,688623;3,7575;1,093640433;4;8;Otsu;3;255;0;05.04.2023
190C-250h;Sample1;Stelle8 DF 100 60 kx 10s Lochrand;17;6841;121,6095387;72,93605556;1,667344605;1133,617161;367,8972372;153,9225;6,999646667;4;8;Otsu;3;255;0;05.04.2023
190C-250h;Sample1;Stelle8 DF 100 60 kx 10s Lochrand;18;998;55,14579413;26,33937539;2,093663699;1115,519038;430,6232465;22,455;2,673508649;4;8;Otsu;3;255;0;05.04.2023
190C-250h;Sample1;Stelle8 DF 100 60 kx 10s Lochrand;19;405;35,46141336;14,72061842;2,408962202;1155,725926;1723,671605;9,1125;1,703114452;4;8;Otsu;3;255;0;05.04.2023
190C-250h;Sample1;Stelle8 DF 100 60 kx 10s Lochrand;20;163;25,92712723;9,009960262;2,877607279;1212,613497;1417,533742;3,6675;1,080463561;4;8;Otsu;3;255;0;05.04.2023
190C-250h;Sample1;Stelle8 DF 100 60 kx 10s Lochrand;21;588;35,84780631;22,67320071;1,581065098;1226;254,2244898;13,23;2,05213055;4;8;Otsu;3;255;0;05.04.2023
190C-250h;Sample1;Stelle8 DF 100 60 kx 10s Lochrand;22;4858;90,12758435;69,08630303;1,304565166;1490,726431;1798,952038;109,305;5,898547458;4;8;Otsu;3;255;0;05.04.2023
190C-250h;Sample1;Stelle8 DF 100 60 kx 10s Lochrand;23;3888;103,6703407;58,29038977;1,778515141;1563,456019;380,308642;87,48;5,276907129;4;8;Otsu;3;255;0;05.04.2023
190C-250h;Sample1;Stelle8 DF 100 60 kx 10s Lochrand;24;1061;40,9426683;33,86007594;1,209172371;1571,196041;1681,602262;23,8725;2,756601668;4;8;Otsu;3;255;0;05.04.2023
190C-250h;Sample1;Stelle8 DF 100 60 kx 10s Lochrand;25;589;65,45335946;11,95066273;5,47696483;1597,667233;420,6774194;13,2525;2,053874818;4;8;Otsu;3;255;0;05.04.2023
190C-250h;Sample1;Stelle8 DF 100 60 kx 10s Lochrand;26;2402;62,13262588;49,34423398;1,259166895;1638,824729;1398,654455;54,045;4,147656905;4;8;Otsu;3;255;0;05.04.2023
190C-250h;Sample1;Stelle8 DF 100 60 kx 10s Lochrand;27;931;43,28773647;27,81050712;1,556524528;1696,778733;615,4865736;20,9475;2,582207649;4;8;Otsu;3;255;0;05.04.2023
190C-250h;Sample1;Stelle8 DF 100 60 kx 10s Lochrand;28;6645;120,1694861;71,97430176;1,669616559;1909,100376;330,8610986;149,5125;6,898645292;4;8;Otsu;3;255;0;05.04.2023
190C-250h;Sample1;Stelle9 DF 100 60 kx 10s Lochrand;1;404;26,39612809;20,49181193;1,288130507;122,7945545;322,0866337;9,09;1,701010542;4;8;Otsu;3;255;0;05.04.2023
190C-250h;Sample1;Stelle9 DF 100 60 kx 10s Lochrand;2;2306;61,64312327;50,61374244;1,21791277;184,7424111;1378,578491;51,885;4,063927712;4;8;Otsu;3;255;0;05.04.2023
190C-250h;Sample1;Stelle9 DF 100 60 kx 10s Lochrand;3;11822;171,5264179;90,67568949;1,891647242;297,8136525;104,4736931;265,995;9,201567159;4;8;Otsu;3;255;0;05.04.2023
190C-250h;Sample1;Stelle9 DF 100 60 kx 10s Lochrand;4;2696;112,9651735;43,25015857;2,611901949;390,8137982;902,3694362;60,66;4,39416405;4;8;Otsu;3;255;0;05.04.2023
190C-250h;Sample1;Stelle9 DF 100 60 kx 10s Lochrand;5;144;15,98322655;11,49145092;1,390879764;379,4097222;1094,034722;3,24;1,01554125;4;8;Otsu;3;255;0;05.04.2023
190C-250h;Sample1;Stelle9 DF 100 60 kx 10s Lochrand;6;295;29,9946777;14,81178592;2,025054769;390,7423729;813,9559322;6,6375;1,453541148;4;8;Otsu;3;255;0;05.04.2023
190C-250h;Sample1;Stelle9 DF 100 60 kx 10s Lochrand;7;155;15,09040219;13,12972381;1,149331273;397,5612903;1087,025806;3,4875;1,05361555;4;8;Otsu;3;255;0;05.04.2023
190C-250h;Sample1;Stelle9 DF 100 60 kx 10s Lochrand;8;436;28,47241166;21,30548624;1,336388728;410,0045872;1055,536697;9,81;1,767093654;4;8;Otsu;3;255;0;05.04.2023
190C-250h;Sample1;Stelle9 DF 100 60 kx 10s Lochrand;9;112;12,7975508;11,11779414;1,151087225;433;270,5535714;2,52;0,895623198;4;8;Otsu;3;255;0;05.04.2023
190C-250h;Sample1;Stelle9 DF 100 60 kx 10s Lochrand;10;2719;141,712075;26,17754125;5,4134983;452,7620449;97,58330268;61,1775;4,412867895;4;8;Otsu;3;255;0;05.04.2023
190C-250h;Sample1;Stelle9 DF 100 60 kx 10s Lochrand;11;2795;97,92285393;37,65300129;2,600665301;660,2486583;1380,796422;62,8875;4,474115887;4;8;Otsu;3;255;0;05.04.2023
190C-250h;Sample1;Stelle9 DF 100 60 kx 10s Lochrand;12;1559;56,37792222;36,05066796;1,563852362;711,6003849;1818,872996;35,0775;3,341483957;4;8;Otsu;3;255;0;05.04.2023
190C-250h;Sample1;Stelle9 DF 100 60 kx 10s Lochrand;13;675;42,16359601;22,19059861;1,900065733;768,8074074;275,2962963;15,1875;2,198711304;4;8;Otsu;3;255;0;05.04.2023
190C-250h;Sample1;Stelle9 DF 100 60 kx 10s Lochrand;14;1136;43,9721076;34,13940421;1,288016256;822,6205986;294,4665493;25,56;2,852367559;4;8;Otsu;3;255;0;05.04.2023
190C-250h;Sample1;Stelle9 DF 100 60 kx 10s Lochrand;15;288;25,10784103;15,1230123;1,660240733;843,1840278;531,6354167;6,48;1,436192209;4;8;Otsu;3;255;0;05.04.2023
190C-250h;Sample1;Stelle9 DF 100 60 kx 10s Lochrand;16;927;60,03302432;24,90375941;2,410600879;889,0873786;1931,703344;20,8575;2,576654508;4;8;Otsu;3;255;0;05.04.2023
190C-250h;Sample1;Stelle9 DF 100 60 kx 10s Lochrand;17;708;44,80793475;21,20025117;2,113556788;1065,173729;1792,025424;15,93;2,251816264;4;8;Otsu;3;255;0;05.04.2023
190C-250h;Sample1;Stelle9 DF 100 60 kx 10s Lochrand;18;378;31,92753619;16,49815808;1,935218225;1195,748677;276,015873;8,505;1,645364878;4;8;Otsu;3;255;0;05.04.2023
190C-250h;Sample1;Stelle9 DF 100 60 kx 10s Lochrand;19;191;22,97115407;10,7523408;2,136386346;1249,816754;1835,575916;4,2975;1,169588276;4;8;Otsu;3;255;0;05.04.2023
190C-250h;Sample1;Stelle9 DF 100 60 kx 10s Lochrand;20;2418;67,89308638;46,71443865;1,453364064;1417,533912;258,6761787;54,405;4,161447988;4;8;Otsu;3;255;0;05.04.2023
190C-250h;Sample1;Stelle9 DF 100 60 kx 10s Lochrand;21;465;34,15972787;17,54622386;1,946842133;1423,776344;1571,378495;10,4625;1,824915665;4;8;Otsu;3;255;0;05.04.2023
190C-250h;Sample1;Stelle9 DF 100 60 kx 10s Lochrand;22;7790;131,4489739;75,79898534;1,734178542;1485,061361;1165,540693;175,275;7,469388549;4;8;Otsu;3;255;0;05.04.2023
190C-250h;Sample1;Stelle9 DF 100 60 kx 10s Lochrand;23;7144;143,1462877;65,09637001;2,198990322;1606,388158;657,9701848;160,74;7,152980575;4;8;Otsu;3;255;0;05.04.2023
190C-250h;Sample1;Stelle9 DF 100 60 kx 10s Lochrand;24;164;17,13135349;12,22527052;1,4013067;1571,20122;1697,036585;3,69;1,083772799;4;8;Otsu;3;255;0;05.04.2023
190C-250h;Sample1;Stelle9 DF 100 60 kx 10s Lochrand;25;499;28,60385694;22,59511817;1,265930841;1589,136273;1043,280561;11,2275;1,890456095;4;8;Otsu;3;255;0;05.04.2023
190C-250h;Sample1;Stelle9 DF 100 60 kx 10s Lochrand;26;1841;61,13815072;39,87518902;1,533237891;1716,610538;593,1890277;41,4225;3,631141867;4;8;Otsu;3;255;0;05.04.2023
190C-250h;Sample1;Stelle9 DF 100 60 kx 10s Lochrand;27;943;44,55953267;28,71018232;1,552046315;1741,077413;369,8610817;21,2175;2,598795877;4;8;Otsu;3;255;0;05.04.2023
190C-250h;Sample1;Stelle9 DF 100 60 kx 10s Lochrand;28;4395;97,95923788;64,3560049;1,522146038;1844,561775;1886,670762;98,8875;5,610425017;4;8;Otsu;3;255;0;05.04.2023
190C-250h;Sample1;Stelle9 DF 100 60 kx 10s Lochrand;29;10073;154,8270709;84,23487826;1,838039943;1903,903802;1753,550581;226,6425;8,493676965;4;8;Otsu;3;255;0;05.04.2023
190C-250h;Sample1;Stelle9 DF 100 60 kx 10s Lochrand;30;4949;169,8224413;38,93029434;4,362218271;1949,349364;581,6742776;111,3525;5,953536898;4;8;Otsu;3;255;0;05.04.2023
190C-250h;Sample1;Stelle9 DF 100 60 kx 10s Lochrand;31;663;38,2925984;23,21281535;1,649631801;1976,730015;1985,962293;14,9175;2,17907956;4;8;Otsu;3;255;0;05.04.2023
190C-250h;Sample1;Stelle10 DF 100 60 kx 10s Lochrand;1;2470;91,23566297;41,64855724;2,190608007;150,0890688;418,0696356;55,575;4,205956719;4;8;Otsu;3;255;0;05.04.2023
190C-250h;Sample1;Stelle10 DF 100 60 kx 10s Lochrand;2;1158;45,6220652;32,69103016;1,395553;125,1519862;1236,34456;26,055;2,879854872;4;8;Otsu;3;255;0;05.04.2023
190C-250h;Sample1;Stelle10 DF 100 60 kx 10s Lochrand;3;183;22,89590125;10,27936043;2,227366323;139,8306011;1916,885246;4,1175;1,144832283;4;8;Otsu;3;255;0;05.04.2023
190C-250h;Sample1;Stelle10 DF 100 60 kx 10s Lochrand;4;5261;97,55127217;71,74811315;1,359635367;197,0484699;1166,819616;118,3725;6,138333406;4;8;Otsu;3;255;0;05.04.2023
190C-250h;Sample1;Stelle10 DF 100 60 kx 10s Lochrand;5;150;14,8038444;12,96438763;1,141885358;162,48;1906,166667;3,375;1,036482448;4;8;Otsu;3;255;0;05.04.2023
190C-250h;Sample1;Stelle10 DF 100 60 kx 10s Lochrand;6;736;53,01916709;19,14910537;2,768754261;182,1222826;1934,637228;16,56;2,295911957;4;8;Otsu;3;255;0;05.04.2023
190C-250h;Sample1;Stelle10 DF 100 60 kx 10s Lochrand;7;180;17,30856081;13,37410042;1,294185049;247,1833333;1215,955556;4,05;1,135409635;4;8;Otsu;3;255;0;05.04.2023
190C-250h;Sample1;Stelle10 DF 100 60 kx 10s Lochrand;8;539;48,8567773;14,80435659;3,300162152;260,187384;1903,077922;12,1275;1,964765417;4;8;Otsu;3;255;0;05.04.2023
190C-250h;Sample1;Stelle10 DF 100 60 kx 10s Lochrand;9;268;25,76106898;13,52575592;1,90459366;268,2164179;1147,746269;6,03;1,385427231;4;8;Otsu;3;255;0;05.04.2023
190C-250h;Sample1;Stelle10 DF 100 60 kx 10s Lochrand;10;3844;128,2674366;43,44341213;2,952517546;325,2476587;1178,290583;86,49;5,246963127;4;8;Otsu;3;255;0;05.04.2023
190C-250h;Sample1;Stelle10 DF 100 60 kx 10s Lochrand;11;222;24,16353578;11,8335798;2,041946409;301,8738739;1971,72973;4,995;1,26093532;4;8;Otsu;3;255;0;05.04.2023
190C-250h;Sample1;Stelle10 DF 100 60 kx 10s Lochrand;12;434;38,15900111;15,15646141;2,517672171;313,6635945;1987,610599;9,765;1,763036029;4;8;Otsu;3;255;0;05.04.2023
190C-250h;Sample1;Stelle10 DF 100 60 kx 10s Lochrand;13;101;11,93966059;10,79714386;1,10581657;323,8811881;1295,782178;2,2725;0,850505271;4;8;Otsu;3;255;0;05.04.2023
190C-250h;Sample1;Stelle10 DF 100 60 kx 10s Lochrand;14;107;15,87964511;8,874353873;1,789386059;322,7102804;1316,009346;2,4075;0,875403365;4;8;Otsu;3;255;0;05.04.2023
190C-250h;Sample1;Stelle10 DF 100 60 kx 10s Lochrand;15;235;26,10132772;12,65867988;2,061931257;326,4085106;1273,680851;5,2875;1,297329381;4;8;Otsu;3;255;0;05.04.2023
190C-250h;Sample1;Stelle10 DF 100 60 kx 10s Lochrand;16;257;19,92022554;16,56770619;1,202352656;347,1245136;1979,972763;5,7825;1,356697062;4;8;Otsu;3;255;0;05.04.2023
190C-250h;Sample1;Stelle10 DF 100 60 kx 10s Lochrand;17;274;19,54195094;18,27935294;1,069072358;391,3284672;1993,142336;6,165;1,400849902;4;8;Otsu;3;255;0;05.04.2023
190C-250h;Sample1;Stelle10 DF 100 60 kx 10s Lochrand;18;725;55,0193054;22,68498838;2,425361851;431,8248276;2004,052414;16,3125;2,278690417;4;8;Otsu;3;255;0;05.04.2023
190C-250h;Sample1;Stelle10 DF 100 60 kx 10s Lochrand;19;7728;343,9394935;32,45474895;10,59750898;579,8484731;1450,945135;173,88;7,43960503;4;8;Otsu;3;255;0;05.04.2023
190C-250h;Sample1;Stelle10 DF 100 60 kx 10s Lochrand;20;99;12,65635429;10,05725593;1,25843017;495,5555556;2023,212121;2,2275;0,842042322;4;8;Otsu;3;255;0;05.04.2023
190C-250h;Sample1;Stelle10 DF 100 60 kx 10s Lochrand;21;690;31,75624652;28,35287714;1,120036121;670,0797101;708,0188406;15,525;2,223007194;4;8;Otsu;3;255;0;05.04.2023
190C-250h;Sample1;Stelle10 DF 100 60 kx 10s Lochrand;22;199;25,80098862;9,939919715;2,595693865;680,9447236;86,10050251;4,4775;1,193831025;4;8;Otsu;3;255;0;05.04.2023
190C-250h;Sample1;Stelle10 DF 100 60 kx 10s Lochrand;23;1393;50,36093773;38,59654776;1,304804203;755,9030869;109,7451543;31,3425;3,158579999;4;8;Otsu;3;255;0;05.04.2023
190C-250h;Sample1;Stelle10 DF 100 60 kx 10s Lochrand;24;587;31,98562688;23,66279902;1,351726262;839,0477002;1230,431005;13,2075;2,050384798;4;8;Otsu;3;255;0;05.04.2023
190C-250h;Sample1;Stelle10 DF 100 60 kx 10s Lochrand;25;564;33,96833662;21,26684533;1,597243789;873,7446809;583,7074468;12,69;2,009814035;4;8;Otsu;3;255;0;05.04.2023
190C-250h;Sample1;Stelle10 DF 100 60 kx 10s Lochrand;26;57138;1677,713665;48,5327991;34,56865659;1036,352375;1266,782422;1285,605;20,22920614;4;8;Otsu;3;255;0;05.04.2023
190C-250h;Sample1;Stelle10 DF 100 60 kx 10s Lochrand;27;8638;155,7846713;73,34449936;2,124013017;1182,927761;1928,932739;194,355;7,865438191;4;8;Otsu;3;255;0;05.04.2023
190C-250h;Sample1;Stelle10 DF 100 60 kx 10s Lochrand;28;1968;72,85650549;35,06657028;2,077662711;1147,52439;868,6905488;44,28;3,754299104;4;8;Otsu;3;255;0;05.04.2023
190C-250h;Sample1;Stelle10 DF 100 60 kx 10s Lochrand;29;13791;183,6950822;97,83066302;1,877684118;1346,632369;655,5186716;310,2975;9,938348047;4;8;Otsu;3;255;0;05.04.2023
190C-250h;Sample1;Stelle10 DF 100 60 kx 10s Lochrand;30;202;24,70875707;10,60527853;2,32985461;1465,762376;1723,905941;4,545;1,202796089;4;8;Otsu;3;255;0;05.04.2023
190C-250h;Sample1;Stelle10 DF 100 60 kx 10s Lochrand;31;203;27,15340281;9,616591427;2,823599506;1583,044335;1734,793103;4,5675;1,205769632;4;8;Otsu;3;255;0;05.04.2023
190C-250h;Sample1;Stelle10 DF 100 60 kx 10s Lochrand;32;777;36,91154874;27,13001446;1,360542907;1634,241956;830,5212355;17,4825;2,358993977;4;8;Otsu;3;255;0;05.04.2023
190C-250h;Sample1;Stelle10 DF 100 60 kx 10s Lochrand;33;5340;131,6758592;52,57015117;2,504764704;1693,405056;1931,244569;120,15;6,184248768;4;8;Otsu;3;255;0;05.04.2023
190C-250h;Sample1;Stelle10 DF 100 60 kx 10s Lochrand;34;102;12,7477218;10,24179094;1,244677017;1772,176471;454,627451;2,295;0,854705323;4;8;Otsu;3;255;0;05.04.2023
190C-250h;Sample1;Stelle10 DF 100 60 kx 10s Lochrand;35;212;20,82534817;13,12037797;1,587252152;1775,627358;433,3773585;4,77;1,23220865;4;8;Otsu;3;255;0;05.04.2023
190C-250h;Sample1;Stelle10 DF 100 60 kx 10s Lochrand;36;213;20,91562764;13,15901338;1,589452571;1778,981221;410,0046948;4,7925;1,235111383;4;8;Otsu;3;255;0;05.04.2023
190C-250h;Sample1;Stelle10 DF 100 60 kx 10s Lochrand;37;2632;137,0221287;26,21550419;5,226759239;1790,460486;286,8882979;59,22;4,341694538;4;8;Otsu;3;255;0;05.04.2023
190C-250h;Sample1;Stelle10 DF 100 60 kx 10s Lochrand;38;387;35,01608239;14,43937156;2,425041994;1791,945736;1972,124031;8,7075;1,66483733;4;8;Otsu;3;255;0;05.04.2023
190C-250h;Sample1;Stelle10 DF 100 60 kx 10s Lochrand;39;1345;75,57846603;32,65155056;2,314697609;1820,042379;1752,869888;30,2625;3,103683768;4;8;Otsu;3;255;0;05.04.2023
190C-250h;Sample1;Stelle10 DF 100 60 kx 10s Lochrand;40;311;26,14118403;15,74245532;1,660553167;1800,028939;167,14791;6,9975;1,492438752;4;8;Otsu;3;255;0;05.04.2023
190C-250h;Sample1;Stelle10 DF 100 60 kx 10s Lochrand;41;256;22,30907215;15,36776942;1,451679261;1828,359375;1638,566406;5,76;1,354055001;4;8;Otsu;3;255;0;05.04.2023
190C-250h;Sample1;Stelle10 DF 100 60 kx 10s Lochrand;42;408;41,09466759;14,97469732;2,74427367;1834,875;1546,066176;9,18;1,709410646;4;8;Otsu;3;255;0;05.04.2023
190C-250h;Sample1;Stelle10 DF 100 60 kx 10s Lochrand;43;276;24,99243926;14,52567683;1,720569689;1893,148551;1560,858696;6,21;1,405953197;4;8;Otsu;3;255;0;05.04.2023
190C-250h;Sample1;Stelle10 DF 100 60 kx 10s Lochrand;44;140;21,28882378;8,535726991;2,494084429;1898,107143;1763,242857;3,15;1,001337177;4;8;Otsu;3;255;0;05.04.2023
190C-250h;Sample1;Stelle10 DF 100 60 kx 10s Lochrand;45;174;17,35891254;12,84164387;1,351767165;1916,258621;202,9942529;3,915;1,116325761;4;8;Otsu;3;255;0;05.04.2023
190C-250h;Sample1;Stelle11 DF 100 60 kx 10s Lochrand;1;225;22,06905825;13,46786597;1,638645521;32,15111111;48,97777778;5,0625;1,269426563;4;8;Otsu;3;255;0;05.04.2023
190C-250h;Sample1;Stelle11 DF 100 60 kx 10s Lochrand;2;305;33,02482443;12,26250212;2,69315545;31,18360656;114,0032787;6,8625;1,477972122;4;8;Otsu;3;255;0;05.04.2023
190C-250h;Sample1;Stelle11 DF 100 60 kx 10s Lochrand;3;368;30,42213007;17,86682855;1,702715733;42,95652174;668,6331522;8,28;1,623454914;4;8;Otsu;3;255;0;05.04.2023
190C-250h;Sample1;Stelle11 DF 100 60 kx 10s Lochrand;4;1556;72,59965879;38,20032609;1,900498405;68,43701799;623,9209512;35,01;3,338267382;4;8;Otsu;3;255;0;05.04.2023
190C-250h;Sample1;Stelle11 DF 100 60 kx 10s Lochrand;5;779;38,98139286;25,83511756;1,508852931;66,39409499;375,7240051;17,5275;2,362028054;4;8;Otsu;3;255;0;05.04.2023
190C-250h;Sample1;Stelle11 DF 100 60 kx 10s Lochrand;6;146;17,83280229;10,52289238;1,694667364;51,99315068;537,1369863;3,285;1,022569301;4;8;Otsu;3;255;0;05.04.2023
190C-250h;Sample1;Stelle11 DF 100 60 kx 10s Lochrand;7;386;32,19709091;16,37006675;1,966827101;62,83160622;687,4715026;8,685;1,662684986;4;8;Otsu;3;255;0;05.04.2023
190C-250h;Sample1;Stelle11 DF 100 60 kx 10s Lochrand;8;115;14,86560755;10,33113869;1,438912786;97,35652174;938,6782609;2,5875;0,907538886;4;8;Otsu;3;255;0;05.04.2023
190C-250h;Sample1;Stelle11 DF 100 60 kx 10s Lochrand;9;120;16,52449342;9,372122097;1,763153878;176,725;1809,291667;2,7;0,927058085;4;8;Otsu;3;255;0;05.04.2023
190C-250h;Sample1;Stelle11 DF 100 60 kx 10s Lochrand;10;145;17,39090678;11,11002268;1,565334949;214,4413793;1238,958621;3,2625;1,019061335;4;8;Otsu;3;255;0;05.04.2023
190C-250h;Sample1;Stelle11 DF 100 60 kx 10s Lochrand;11;1213;43,09422644;38,66274002;1,114619047;238,6801319;1666,680956;27,2925;2,947451877;4;8;Otsu;3;255;0;05.04.2023
190C-250h;Sample1;Stelle11 DF 100 60 kx 10s Lochrand;12;1252;97,37389442;21,05403654;4,624951336;268,5095847;1249,701278;28,17;2,9944598;4;8;Otsu;3;255;0;05.04.2023
190C-250h;Sample1;Stelle11 DF 100 60 kx 10s Lochrand;13;44162;1077,26551;55,4307036;19,43445491;360,547122;1472,329152;993,645;17,78446026;4;8;Otsu;3;255;0;05.04.2023
190C-250h;Sample1;Stelle11 DF 100 60 kx 10s Lochrand;14;129;18,99243684;9,153869249;2,074798789;322,3023256;1255,054264;2,9025;0,96119428;4;8;Otsu;3;255;0;05.04.2023
190C-250h;Sample1;Stelle11 DF 100 60 kx 10s Lochrand;15;253;29,95640548;11,31117077;2,648391231;434,1501976;1815,201581;5,6925;1,346097703;4;8;Otsu;3;255;0;05.04.2023
190C-250h;Sample1;Stelle11 DF 100 60 kx 10s Lochrand;16;104;14,21862974;9,394498594;1,513505974;543,3653846;1938,057692;2,34;0,863044109;4;8;Otsu;3;255;0;05.04.2023
190C-250h;Sample1;Stelle11 DF 100 60 kx 10s Lochrand;17;127;15,56554435;10,44180692;1,490694519;558,5354331;1784,007874;2,8575;0,953714056;4;8;Otsu;3;255;0;05.04.2023
190C-250h;Sample1;Stelle11 DF 100 60 kx 10s Lochrand;18;2893;88,03246642;50,587283;1,74020942;595,8938818;1708,054615;65,0925;4,551877224;4;8;Otsu;3;255;0;05.04.2023
190C-250h;Sample1;Stelle11 DF 100 60 kx 10s Lochrand;19;753;32,76951078;29,50142495;1,11077722;661,3173971;1307,430279;16,9425;2,322275877;4;8;Otsu;3;255;0;05.04.2023
190C-250h;Sample1;Stelle11 DF 100 60 kx 10s Lochrand;20;569;31,16948042;23,67800738;1,316389505;672,2091388;1394,056239;12,8025;2,018703128;4;8;Otsu;3;255;0;05.04.2023
190C-250h;Sample1;Stelle11 DF 100 60 kx 10s Lochrand;21;138;13,59392784;12,92675312;1,051611933;798;1990,855072;3,105;0,99415904;4;8;Otsu;3;255;0;05.04.2023
190C-250h;Sample1;Stelle11 DF 100 60 kx 10s Lochrand;22;151;17,10668771;11,32553253;1,510453276;871,7019868;1401,582781;3,3975;1,039931651;4;8;Otsu;3;255;0;05.04.2023
190C-250h;Sample1;Stelle11 DF 100 60 kx 10s Lochrand;23;777;37,8521903;26,87998198;1,408192547;977,1029601;277,8172458;17,4825;2,358993977;4;8;Otsu;3;255;0;05.04.2023
190C-250h;Sample1;Stelle11 DF 100 60 kx 10s Lochrand;24;4110;84,34654024;63,49409238;1,328415559;1023,094161;942,5919708;92,475;5,425468342;4;8;Otsu;3;255;0;05.04.2023
190C-250h;Sample1;Stelle11 DF 100 60 kx 10s Lochrand;25;5653;116,7535044;70,63879707;1,652824075;1058,878118;350,1708827;127,1925;6,362910513;4;8;Otsu;3;255;0;05.04.2023
190C-250h;Sample1;Stelle11 DF 100 60 kx 10s Lochrand;26;197;22,81447426;11,16378613;2,043614415;1063,614213;307,6852792;4,4325;1,187816724;4;8;Otsu;3;255;0;05.04.2023
190C-250h;Sample1;Stelle11 DF 100 60 kx 10s Lochrand;27;437;32,28833758;20,04501747;1,610791192;1097,565217;1749,347826;9,8325;1,769118977;4;8;Otsu;3;255;0;05.04.2023
190C-250h;Sample1;Stelle11 DF 100 60 kx 10s Lochrand;28;895;83,02468823;17,36241701;4,781862351;1102,18324;1689,478212;20,1375;2,531790934;4;8;Otsu;3;255;0;05.04.2023
190C-250h;Sample1;Stelle11 DF 100 60 kx 10s Lochrand;29;203;17,17577661;15,33483855;1,120049393;1130,53202;1495,980296;4,5675;1,205769632;4;8;Otsu;3;255;0;05.04.2023
190C-250h;Sample1;Stelle11 DF 100 60 kx 10s Lochrand;30;303;26,81380094;15,91002968;1,685339468;1143,831683;1360,858086;6,8175;1,473118342;4;8;Otsu;3;255;0;05.04.2023
190C-250h;Sample1;Stelle11 DF 100 60 kx 10s Lochrand;31;5457;106,1209424;73,59900689;1,441880086;1169,006231;1272,533077;122,7825;6,251630475;4;8;Otsu;3;255;0;05.04.2023
190C-250h;Sample1;Stelle11 DF 100 60 kx 10s Lochrand;32;1703;62,37831782;39,80749315;1,566999398;1184,953024;1052,098062;38,3175;3,492397323;4;8;Otsu;3;255;0;05.04.2023
190C-250h;Sample1;Stelle11 DF 100 60 kx 10s Lochrand;33;278;22,17380052;16,00191552;1,385696637;1169,039568;1859,690647;6,255;1,411038036;4;8;Otsu;3;255;0;05.04.2023
190C-250h;Sample1;Stelle11 DF 100 60 kx 10s Lochrand;34;4140;98,39338845;54,52905558;1,804421283;1201,89058;416,8859903;93,15;5,445233319;4;8;Otsu;3;255;0;05.04.2023
190C-250h;Sample1;Stelle11 DF 100 60 kx 10s Lochrand;35;2914;77,15505545;52,683663;1,464496792;1213,948868;995,4190117;65,565;4,568368165;4;8;Otsu;3;255;0;05.04.2023
190C-250h;Sample1;Stelle11 DF 100 60 kx 10s Lochrand;36;6638;99,68424085;87,61194119;1,137792857;1226,292709;867,4038867;149,355;6,895010736;4;8;Otsu;3;255;0;05.04.2023
190C-250h;Sample1;Stelle11 DF 100 60 kx 10s Lochrand;37;485;26,43319218;23,95114256;1,103629696;1211,441237;1234,591753;10,9125;1,863748007;4;8;Otsu;3;255;0;05.04.2023
190C-250h;Sample1;Stelle11 DF 100 60 kx 10s Lochrand;38;102;13,3493163;9,763027589;1,367333666;1214,264706;1212,039216;2,295;0,854705323;4;8;Otsu;3;255;0;05.04.2023
190C-250h;Sample1;Stelle11 DF 100 60 kx 10s Lochrand;39;4125;83,74824482;64,64229474;1,29556423;1276,713455;1160,797576;92,8125;5,435359814;4;8;Otsu;3;255;0;05.04.2023
190C-250h;Sample1;Stelle11 DF 100 60 kx 10s Lochrand;40;368;31,79231044;20,17409608;1,575897642;1254,970109;518,0380435;8,28;1,623454914;4;8;Otsu;3;255;0;05.04.2023
190C-250h;Sample1;Stelle11 DF 100 60 kx 10s Lochrand;41;222;17,93967045;15,86403017;1,130839406;1260,887387;800,6036036;4,995;1,26093532;4;8;Otsu;3;255;0;05.04.2023
190C-250h;Sample1;Stelle11 DF 100 60 kx 10s Lochrand;42;799;42,39004683;24,32065529;1,74296483;1289,476846;482,0100125;17,9775;2,392157181;4;8;Otsu;3;255;0;05.04.2023
190C-250h;Sample1;Stelle11 DF 100 60 kx 10s Lochrand;43;6979;136,8526505;66,46654661;2,058970376;1383,3095;1959,603095;157,0275;7,069894317;4;8;Otsu;3;255;0;05.04.2023
190C-250h;Sample1;Stelle11 DF 100 60 kx 10s Lochrand;44;5333;126,5305184;77,56659968;1,631250034;1402,061504;704,5874742;119,9925;6,180194092;4;8;Otsu;3;255;0;05.04.2023
190C-250h;Sample1;Stelle11 DF 100 60 kx 10s Lochrand;45;357;33,39889479;15,86312936;2,105441747;1375,039216;1535,845938;8,0325;1,599007242;4;8;Otsu;3;255;0;05.04.2023
190C-250h;Sample1;Stelle11 DF 100 60 kx 10s Lochrand;46;2754;205,1233533;19,02951228;10,77922284;1387,03159;1422,37146;61,965;4,441179134;4;8;Otsu;3;255;0;05.04.2023
190C-250h;Sample1;Stelle11 DF 100 60 kx 10s Lochrand;47;970;43,11476656;31,54481121;1,366778399;1389,451546;250,0556701;21,825;2,635737708;4;8;Otsu;3;255;0;05.04.2023
190C-250h;Sample1;Stelle11 DF 100 60 kx 10s Lochrand;48;3980;125,4827413;48,82872924;2,569854739;1454,031407;1194,477638;89,55;5,338974649;4;8;Otsu;3;255;0;05.04.2023
190C-250h;Sample1;Stelle11 DF 100 60 kx 10s Lochrand;49;2858;64,55401427;57,0828861;1,130882103;1478,556333;931,6836949;64,305;4,524258749;4;8;Otsu;3;255;0;05.04.2023
190C-250h;Sample1;Stelle11 DF 100 60 kx 10s Lochrand;50;262;23,23093759;17,91457214;1,296762066;1467,160305;1584,148855;5,895;1,369830931;4;8;Otsu;3;255;0;05.04.2023
190C-250h;Sample1;Stelle11 DF 100 60 kx 10s Lochrand;51;203;24,08917517;11,63050845;2,071205681;1509,236453;524,0098522;4,5675;1,205769632;4;8;Otsu;3;255;0;05.04.2023
190C-250h;Sample1;Stelle11 DF 100 60 kx 10s Lochrand;52;1114;39,8606518;36,21172221;1,10076653;1549,491921;2013,399461;25,065;2,824612769;4;8;Otsu;3;255;0;05.04.2023
190C-250h;Sample1;Stelle11 DF 100 60 kx 10s Lochrand;53;307;24,94591246;16,00525918;1,558607217;1578,159609;1668,85342;6,9075;1,482810014;4;8;Otsu;3;255;0;05.04.2023
190C-250h;Sample1;Stelle11 DF 100 60 kx 10s Lochrand;54;151;16,67577183;11,5845113;1,439488589;1574,304636;1620,258278;3,3975;1,039931651;4;8;Otsu;3;255;0;05.04.2023
190C-250h;Sample1;Stelle11 DF 100 60 kx 10s Lochrand;55;1087;42,63031167;32,63912727;1,306110648;1603,912603;606,3284269;24,4575;2,790172762;4;8;Otsu;3;255;0;05.04.2023
190C-250h;Sample1;Stelle11 DF 100 60 kx 10s Lochrand;56;596;34,30302797;24,09607378;1,423594079;1645,379195;538,3758389;13,41;2,066043459;4;8;Otsu;3;255;0;05.04.2023
190C-250h;Sample1;Stelle11 DF 100 60 kx 10s Lochrand;57;1661;70,19114035;39,97396142;1,755921551;1648,531005;850,5851896;37,3725;3,449063093;4;8;Otsu;3;255;0;05.04.2023
190C-250h;Sample1;Stelle11 DF 100 60 kx 10s Lochrand;58;240;28,85969214;11,64049934;2,479248639;1679,254167;542,125;5,4;1,311058117;4;8;Otsu;3;255;0;05.04.2023
190C-250h;Sample1;Stelle11 DF 100 60 kx 10s Lochrand;59;276;25,22558848;14,11024476;1,787749887;1686,601449;1384,67029;6,21;1,405953197;4;8;Otsu;3;255;0;05.04.2023
190C-250h;Sample1;Stelle11 DF 100 60 kx 10s Lochrand;60;3592;115,8095425;42,13628046;2,748451958;1749,952116;1226,569321;80,82;5,072061218;4;8;Otsu;3;255;0;05.04.2023
190C-250h;Sample1;Stelle11 DF 100 60 kx 10s Lochrand;61;178;17,60718278;13,0294837;1,351333882;1696,696629;610,5561798;4,005;1,129084184;4;8;Otsu;3;255;0;05.04.2023
190C-250h;Sample1;Stelle11 DF 100 60 kx 10s Lochrand;62;539;30,68899918;22,51238107;1,363205389;1771,183673;411,8311688;12,1275;1,964765417;4;8;Otsu;3;255;0;05.04.2023
190C-250h;Sample1;Stelle11 DF 100 60 kx 10s Lochrand;63;2345;65,91132602;45,7503761;1,440672878;1821,430704;1646,472068;52,7625;4,098149018;4;8;Otsu;3;255;0;05.04.2023
190C-250h;Sample1;Stelle11 DF 100 60 kx 10s Lochrand;64;101;17,17743667;8,17858199;2,100295221;1862,712871;1228,60396;2,2725;0,850505271;4;8;Otsu;3;255;0;05.04.2023
190C-250h;Sample1;Stelle11 DF 100 60 kx 10s Lochrand;65;251;28,58485588;14,43927917;1,97965948;1930,844622;1917,394422;5,6475;1,340766602;4;8;Otsu;3;255;0;05.04.2023
190C-250h;Sample1;Stelle11 DF 100 60 kx 10s Lochrand;66;760;55,78563757;27,73717483;2,011222769;1954,064474;1900,05;17,1;2,333045018;4;8;Otsu;3;255;0;05.04.2023
190C-250h;Sample1;Stelle11 DF 100 60 kx 10s Lochrand;67;121;14,16458467;10,90949238;1,298372479;2031,247934;1631,099174;2,7225;0,930912813;4;8;Otsu;3;255;0;05.04.2023
