Sample;Tilt angle to optical axis ;Image;Particle number;Area;Weighed X-Position Central Point;Weighed Y-Position Central Point;Perimeter;Elipse fit Major axis;Elipse fit Minor axis;Elipse angle;Feret caliper;FeretX;FeretY;Feret angle;Min Feret;Area [nm2];Radius [nm]
1;na;1;1;9078;1527,265;243,93;376,333;130,804;88,365;16,858;130,74;1468;271;21,069;92,22;204,255;8,063273889
1;na;1;2;6595;1817,736;303,691;316,96;114,047;73,628;51,209;111,503;1773;337;34,403;72,013;148,3875;6,872642013
1;na;1;3;1831;1736,557;392,014;162,167;54,296;42,937;104,624;56,886;1731;364;100,125;44,731;41,1975;3,621266565
1;na;1;4;3286;1540,109;710,051;219,439;76,429;54,742;20,658;79,322;1507;731;33,69;54,54;73,935;4,851210306
1;na;1;5;2343;1364,477;771,202;181,782;56,226;53,057;94,085;59,363;1349;746;122,619;52;52,7175;4,096401033
1;na;1;6;2316;1736,399;1618,833;184,61;59,95;49,188;49,754;63,781;1712;1640;41,186;48,954;52,11;4,072729818
1;na;2;1;2279;1809,091;195,41;185,522;65,916;44,021;46,585;65,765;1778;210;28,124;42,745;51,2775;4,040066236
1;na;2;2;8169;286,319;225,645;359,262;125,694;82,749;16,381;126,531;228;248;17,003;87,024;183,8025;7,648931485
1;na;2;3;5048;576,549;286,848;280,676;102,642;62,619;51,675;100,449;538;321;43,386;61,803;113,58;6,012789442
1;na;2;4;1085;495,53;373,98;129,054;46,537;29,686;97,715;47,297;493;350;103,449;30,894;24,4125;2,787604724
1;na;2;5;2340;305,002;693,636;190,267;67,444;44,175;29,582;70,456;276;712;34,592;45,776;52,65;4,093777657
1;na;2;6;2203;128,874;753,099;174,125;54,312;51,645;114,546;57,428;112;730;125,074;50;49,5675;3,972131076
1;na;2;7;5620;933,528;947,706;310,35;110,671;64,657;71,36;113,741;902;1000;57,567;68,592;126,45;6,34431124
1;na;2;8;9887;1181,727;1006,824;403,546;152,075;82,778;114,942;155,641;1150;933;115,907;85,578;222,4575;8,41489284
1;na;2;9;1750;502,93;1605,81;159,296;53,011;42,032;57,118;55,317;482;1624;40,601;42,348;39,375;3,54026154
1;na;2;10;6806;984,017;1802,686;329,103;120,441;71,95;130,436;119,013;962;1746;114,842;71,619;153,135;6,98171787
1;na;2;11;7722;1377,037;1888,857;337,245;107,449;91,504;79,062;117,107;1370;1832;92,447;89,304;173,745;7,436716424
1;na;3;1;2828;1280,593;58,733;200,108;63,582;56,631;172,378;67,742;1248;64;8,489;57,026;63,63;4,500450873
1;na;3;2;6131;174,309;110,563;316,551;109,101;71,55;72,655;113,464;142;161;55,049;72,718;137,9475;6,626466104
1;na;3;3;9773;423,404;171,536;402,233;151,431;82,172;114,024;153,323;389;100;120,579;85,844;219,8925;8,366239098
1;na;3;4;1927;1954,017;135,104;170,551;61,044;40,193;43,555;60,539;1927;148;30,801;41,012;43,3575;3,714985988
1;na;3;5;4238;1331,521;589,668;250,167;82,819;65,154;2,053;84,22;1296;612;29,914;63;95,355;5,509304783
1;na;3;6;5634;225,179;966,881;301,789;109,803;65,33;130,558;109,385;207;914;112,58;65,255;126,765;6,352208492
1;na;3;7;6199;618,017;1053,124;301,647;92,849;85,007;64,367;98,153;605;1100;81,209;81,853;139,4775;6,663112422
1;na;3;8;7881;1873,066;1118,735;427,955;181,491;55,289;46,861;172,595;1810;1174;39,593;55,082;177,3225;7,512889244
1;na;3;9;3158;892,512;1470,48;240,392;86,195;46,649;41,918;89,376;863;1499;40,462;49,497;71,055;4,755786892
1;na;3;10;4541;596,324;1536,83;288,007;94,421;61,234;152,717;104,623;551;1501;148,285;62,048;102,1725;5,702851642
1;na;3;11;4926;1523,181;1624,442;267,12;94,04;66,695;124,586;95,079;1507;1580;112,249;65,761;110,835;5,939686544
1;na;3;12;7985;503,929;1934,964;366,794;129,732;78,368;179,518;124,824;451;1906;151,793;77,952;179,6625;7,562297926
1;na;4;1;12917;1712,901;396,453;451,546;133,394;123,292;98,543;143,22;1694;327;125,91;127,394;290,6325;9,618274169
1;na;4;2;2143;1459,784;590,923;173,137;53,223;51,267;26,874;56,719;1432;595;9,13;50,003;48,2175;3,917666006
1;na;4;3;13496;849,562;828,666;504,759;191,773;89,604;100,143;193,763;832;733;101,31;94,814;303,66;9,831479036
1;na;4;4;11272;192,632;929,807;489,453;205,505;69,838;47,931;189,381;115;987;40,503;68,965;253,62;8,984973753
1;na;4;5;9467;401,67;1092,788;394,115;139,87;86,178;152,545;143,136;333;1087;172,776;87,367;213,0075;8,234220855
1;na;4;6;10454;1653,745;1362,861;436,576;166,327;80,026;106,517;174,568;1618;1283;109,058;82,233;235,215;8,652818031
1;na;4;7;7292;1089,683;1344,119;335,103;122,583;75,74;43,819;120,067;1040;1377;29,982;74,644;164,07;7,226693783
1;na;4;8;7998;1657,044;1535,34;363,622;143,871;70,781;174,736;138,514;1588;1520;167,067;69;179,955;7,568451332
1;na;4;9;2589;1529,249;1667,967;200,836;73,409;44,905;145,999;73,736;1495;1653;159,353;44,953;58,2525;4,306082517
1;na;4;10;10685;978,975;1769,095;401,622;137,584;98,882;7,669;138,571;919;1804;30,822;95,44;240,4125;8,74789549
1;na;5;1;4595;1661,745;248,648;267,362;83,039;70,456;135,212;89,051;1628;219;155,45;68,57;103,3875;5,736659599
1;na;5;2;4412;759,819;329,029;262,877;94,209;59,628;22,6;98,762;711;341;15,866;60,491;99,27;5,621265196
1;na;5;3;1421;1982,97;562,335;143,095;49,344;36,667;42,407;49,739;1961;574;30,174;37,463;31,9725;3,190166584
1;na;5;4;1403;1081,79;580,685;141,882;46,251;38,623;58,785;48,415;1063;597;38,29;39,951;31,5675;3,169897054
1;na;5;5;2440;102,301;973,783;187,522;64,597;48,094;133,361;65,146;93;942;107,879;46,669;54,9;4,18033644
1;na;5;6;4105;1298,777;1091,164;267,095;108,133;48,335;86,376;104,809;1284;1142;74,505;46;92,3625;5,422167174
1;na;5;7;1756;1139,218;1579,507;162,066;54,583;40,962;54,779;55,362;1126;1604;73,202;41,071;39,51;3,546325366
1;na;5;8;11982;422,214;1691,095;431,563;152,719;99,895;71,917;161,149;374;1755;56,902;102,568;269,595;9,263625304
1;na;5;9;1461;1079,134;1712,725;148,652;44,503;41,799;5,737;48,26;1054;1714;5,947;42,426;32,8725;3,234755282
2;na;1;1;4011;763,187;131,556;289,362;122,333;41,746;27,099;120,017;709;152;23,575;41,157;90,2475;5,359726808
2;na;1;2;9800;537,264;481,827;408,558;135,452;92,119;133,608;141,439;506;417;114,209;93,512;220,5;8,377787888
2;na;1;3;424;1317,561;446,774;92,225;36,679;14,718;29,153;36,249;1302;455;24,444;16,297;9,54;1,742606184
2;na;1;4;3466;1827,503;495,786;287,806;118,514;37,237;119,261;123,665;1797;448;120,09;41,162;77,985;4,982308348
2;na;1;5;836;225,356;567,065;119,296;39,758;26,773;22,459;44,598;204;577;19,654;30,637;18,81;2,446918258
2;na;1;6;242;183,653;588,595;61,941;24,286;12,687;25,618;24,698;173;595;31,759;13,421;5,445;1,316509525
2;na;1;7;11097;103,856;740,519;465,605;188,67;74,888;102,871;179,981;66;658;107,126;76,447;249,6825;8,914954187
2;na;1;8;408;479,99;712,017;75,012;24,716;21,018;16,284;26,571;468;715;19,799;21;9,18;1,709410646
2;na;1;9;194;722,247;738,66;53,355;19,025;12,984;144,277;20,248;715;733;147,095;14,142;4,365;1,178737737
2;na;1;10;4211;400,271;784,598;278,534;111,856;47,933;120,299;110,91;372;733;116,796;50,551;94,7475;5,491727045
2;na;1;11;350;700,1;764,303;71,841;26,142;17,046;156,933;26,571;688;761;160,201;17,839;7,875;1,583253092
2;na;1;12;445;443,961;887,199;99,882;36,432;15,552;130,147;37,014;431;874;141,582;18,292;10,0125;1,785238845
2;na;1;13;7574;1854,734;1062,164;376,902;138,306;69,726;147,493;131,913;1792;1032;160,054;73,823;170,415;7,365105515
2;na;1;14;371;1362,786;1048,815;92,811;40,751;11,592;119,375;41,183;1352;1030;119,055;12,542;8,3475;1,630058826
2;na;1;15;399;1097,47;1047,362;74,426;26,389;19,251;124,977;27,459;1089;1036;123,111;20,506;8,9775;1,690451716
2;na;1;16;7093;83,679;1096,681;411,103;170,385;53,004;26,971;175,642;12;1149;31,971;56,271;159,5925;7,127402789
2;na;1;17;211;539,462;1118,685;58,184;20,611;13,034;133,256;22,672;531;1110;138,576;14,142;4,7475;1,229299062
2;na;1;18;538;494,963;1134,31;96,569;33,84;20,242;23,078;33,734;478;1137;11,976;21,812;12,105;1,962941969
2;na;1;19;269;166,556;1289,069;70,426;22,414;15,281;135,638;25,495;159;1281;131,82;17,401;6,0525;1,388009577
2;na;1;20;4034;472,188;1350,89;241,321;80,868;63,514;64,705;83,024;463;1392;80,991;62,776;90,765;5,375071797
2;na;1;21;1106;1949,118;1363,712;128,953;47,999;29,338;114,345;48,703;1942;1340;109,179;29,838;24,885;2,814452259
2;na;1;22;2396;1866,118;1486,086;184,853;58,843;51,844;44,111;61,717;1848;1510;49,6;53,23;53,91;4,142473411
2;na;1;23;1240;1854,345;1611,98;131,397;44,477;35,497;12,589;46,141;1834;1623;29,899;35;27,9;2,980074802
2;na;1;24;283;1444,048;1730,839;68,669;27,762;12,979;32,54;28,653;1431;1738;29,249;14,164;6,3675;1,423670678
2;na;1;25;249;1409,207;1748,428;71,841;29,859;10,618;31,881;30,017;1396;1756;29,982;11,944;5,6025;1,335414219
2;na;1;26;9209;1112,521;1795,618;387,806;144,681;81,042;177,699;142,706;1043;1793;171,132;81,783;207,2025;8,121244005
2;na;1;27;2469;1622,778;1883,758;187,439;61,822;50,85;120,663;65;1605;1857;126,87;52,432;55,5525;4,205105225
2;na;1;28;10490;319,007;1945,759;412,115;150,296;88,867;145,587;143,388;256;1909;157,011;88,825;236,025;8,667703899
2;na;2;1;2518;136,294;112,881;197,681;66,767;48,018;20,629;69,405;104;127;36,209;48,296;56,655;4,246627674
2;na;2;2;1393;35,575;164,763;145,581;53,704;33,026;129,815;52,924;26;140;112,203;33,648;31,3425;3,158579999
2;na;2;3;1271;739,72;233,254;167,966;72;22,476;127,542;72,67;722;203;124,346;24,004;28,5975;3,017095784
2;na;2;4;3959;92,898;294,892;248,066;89,624;56,244;32,644;93,862;56;325;38,946;58,145;89,0775;5,324870786
2;na;2;5;1452;554,612;323,947;143,983;46,787;39,514;109,835;49,204;541;304;127,569;39,164;32,67;3,224776579
2;na;2;6;368;324,981;334,897;70,426;23,189;20,206;24,471;24,187;314;340;29,745;21;8,28;1,623454914
2;na;2;7;527;727,585;355,248;87,983;31,438;21,343;37,267;32,202;715;365;36,158;21,92;11,8575;1,942771082
2;na;2;8;306;626,572;474,405;67,012;24,354;15,998;112,42;25,632;623;462;110,556;16,924;6,885;1,480393045
2;na;2;9;156;91,917;542,75;58,184;25,391;7,823;120,466;25,495;86;531;115,56;9,158;3,51;1,057008846
2;na;2;10;107;192,528;570,556;37,213;12,684;10,741;38,689;13,892;187;575;30,256;11;2,4075;0,875403365
2;na;2;11;455;229,489;608,911;80,912;28,982;19,989;61,544;30,083;224;623;68,552;20,752;10,2375;1,805186267
2;na;2;12;125;193,308;648,916;41,698;15,996;9,95;38,677;16,643;186;653;32,735;10,607;2,8125;0,946174696
2;na;2;13;2658;873,247;706,762;201,522;73,705;45,917;132,882;73,573;852;676;121,097;46,582;59,805;4,363086378
2;na;2;14;164;211,787;738,524;47,456;16,476;12,674;58,959;17,205;205;744;35,538;13,284;3,69;1,083772799
2;na;2;15;2367;657,546;838,549;212,853;86,594;34,803;104,243;83,217;638;802;110,395;36,513;53,2575;4,117327867
2;na;2;16;2998;167,904;883,263;231,522;91,003;41,946;36,839;94,81;130;910;37,716;44,674;67,455;4,63374507
2;na;3;7;2963;408,334;436,282;221,865;83,157;45,367;119,242;84,38;381;405;121,43;45,171;66,6675;4,606617451
2;na;3;8;1913;600,77;484,456;165,823;56,39;43,194;129,202;57,14;585;462;122,856;43,841;43,0425;3,701466368
2;na;3;9;1024;1046,912;526,804;122,225;41,864;31,143;148,261;42,802;1030;514;142,595;31,675;23,04;2,708110001
2;na;3;10;2475;613,127;687,063;194,108;69,871;45,101;139,391;68,819;583;671;144,462;44,452;55,6875;4,210211608
2;na;3;11;9608;1113,77;751,608;397,179;151,451;80,774;101,187;149,857;1085;683;111,943;80,629;216,18;8,295313809
2;na;3;12;7496;1500,912;756,545;334,191;117,36;81,324;149,616;116,469;1447;738;156,737;80,434;168,66;7,327083008
2;na;3;13;125;1596,356;803,188;43,456;15,271;10,422;68,574;16,643;1592;810;57,265;11,839;2,8125;0,946174696
2;na;3;14;1698;311,058;908,879;154,953;50,266;43,011;123,686;53,254;296;887;124,287;45;38,205;3,487266724
2;na;3;15;20092;99,176;1071,767;643,914;256,489;99,739;108,28;261,847;53;945;112,452;111,575;452,07;11,99576385
2;na;3;16;564;812,613;1098,828;97,497;37,427;19,187;17,899;36,688;795;1104;17,447;19,814;12,69;2,009814035
2;na;3;17;1339;780,323;1157,312;168,309;70,3;24,251;124,613;68,007;762;1128;126,027;26,029;30,1275;3,096753315
2;na;3;18;5151;709,168;1271,162;278,635;96,615;67,882;132,273;98,813;687;1227;125,942;69,296;115,8975;6,073822522
2;na;3;19;5006;1263,373;1268,437;277,505;96,224;66,239;34,121;97,801;1214;1282;16,026;65,336;112,635;5,98772361
2;na;3;20;4668;1771,936;1311,931;277,747;95,683;62,116;136,77;98,884;1750;1271;118,379;60,811;105,03;5,782048715
2;na;3;21;7732;1298,84;1379,057;370,902;147,497;66,745;143,078;139,818;1249;1329;130,068;65,785;173,97;7,441530145
2;na;3;22;962;482,49;1544,509;131,296;45,547;26,892;143,472;49,518;467;1527;133,363;28,753;21,645;2,624846183
2;na;3;23;13383;1143,49;1695,469;451,304;146,95;115,956;17,214;149,164;1070;1722;23,299;118,878;301,1175;9,790233764
2;na;3;24;822;514,539;1718,612;111,054;42,836;24,433;148,946;42,942;496;1707;152,241;24,833;18,495;2,426343204
2;na;3;25;6161;935,701;1800,899;311,789;106,51;73,649;128,957;112,721;916;1748;111,329;73,346;138,6225;6,642658519
2;na;3;26;6368;639,782;1930,467;364,617;151,478;53,526;144,07;150,894;585;1883;138,493;53,491;143,28;6,753328105
2;na;3;27;1166;647,901;2012,563;146,024;58,271;25,478;24,541;57,585;620;2021;20,323;27,753;26,235;2,889785436
2;na;4;1;297;1910,076;347,921;73,497;29,403;12,861;152,595;29,967;1897;343;154,29;15,209;6,6825;1,458460083
2;na;4;2;4357;590,422;521,419;261,823;90,931;61,008;105,136;94,874;568;479;122,518;62,672;98,0325;5,586117965
2;na;4;3;1718;211,009;647,487;156,853;52,705;41,503;144,125;54,203;191;630;142,496;42,052;38,655;3,507744097
2;na;4;4;4237;1612,245;932,496;250,836;78,7;68,548;136,882;83,726;1587;898;119,32;69,409;95,3325;5,508654756
2;na;4;5;5353;435,957;1056,326;353,019;126,345;53,945;18,959;141,873;365;1084;21,501;62,623;120,4425;6,191771836
2;na;4;6;1002;680,349;1239,585;131,439;52,798;24,164;130,955;53,151;663;1219;131,186;24,848;22,545;2,678861024
2;na;4;7;8318;809,543;1285,761;359,446;124,419;85,122;146,015;123,13;752;1269;159,063;84,349;187,155;7,718373323
2;na;4;8;1592;1696,435;1530,541;162,752;57,632;35,171;21,396;60,407;1666;1544;19,335;38,557;35,82;3,376664052
2;na;4;9;1970;1654,766;1589,546;215,522;59,118;42,428;98,439;69,721;1662;1550;98,246;49,768;44,325;3,756206292
2;na;4;10;3732;1359,594;1695,187;266,007;96,919;49,028;149,635;105,119;1315;1659;145,856;53,924;83,97;5,169959491
2;na;4;11;2375;1511,782;1879,018;207,037;82,691;36,569;122,276;83,217;1487;1846;122,735;37,497;53,4375;4,124279882
2;na;4;12;907;1698,23;1922,136;113,497;35,275;32,738;29,531;37,802;1687;1936;52,524;33;20,4075;2,54870732
2;na;5;1;131;741,332;27,416;43,213;15,077;11,063;111,083;16,401;737;20;127,569;11;2,9475;0,96861674
2;na;5;2;9574;521,52;123,016;436,777;172,681;70,592;104,842;165,605;477;52;114,244;73,162;215,415;8,280623414
2;na;5;3;472;1511,684;421,275;88,569;35,814;16,78;122,022;35,805;1502;406;125,91;17,49;10,62;1,83860028
2;na;5;4;145;987,369;466,321;44,284;14,931;12,365;101,215;16,155;986;458;111,801;12,952;3,2625;1,019061335
2;na;5;5;4301;311,179;542,429;252,877;85,072;64,371;28,221;90,802;270;556;16,639;64,347;96,7725;5,550103014
2;na;5;6;2090;1064,213;592,227;200,167;78,42;33,933;109,327;84,504;1047;554;110,794;37,32;47,025;3,868917471
2;na;5;7;3978;891,404;729,803;236,593;72,361;69,996;24,591;76,688;855;740;12,043;69,941;89,505;5,33763303
2;na;5;8;2177;399,205;757,991;197,238;70,346;39,403;2,183;72,367;364;744;168,845;42,723;48,9825;3,948621785
2;na;5;9;5234;1879,643;1097,968;340,233;135,005;49,362;30,924;127,945;1823;1128;31,578;50,811;117,765;6,122561861
2;na;5;10;8398;1530,551;1175,067;375,421;146,79;72,843;178,993;141,354;1462;1166;175,943;71;188,955;7,755400992
2;na;5;11;10282;743,381;1323,784;422,357;160,401;81,617;143,528;155,416;687;1268;127,681;81,288;231,345;8,581340258
2;na;5;12;93;1498,887;1380,898;35,213;12,73;9,302;118,909;13,601;1495;1375;126,027;9,899;2,0925;0,816127096
2;na;5;13;1496;1411,444;1448,552;148,953;53,328;35,718;0,681;54,332;1384;1444;173,66;36;33,66;3,273272181
2;na;5;14;4609;1360,108;1510,004;313,605;111,265;52,742;122,487;115,521;1320;1473;138,861;54,212;103,7025;5,745392151
2;na;5;15;16857;1716,386;1598,497;556,399;172,622;124,335;39,643;178,104;1675;1690;49,783;129,474;379,2825;10,98769172
2;na;5;16;207;1418,331;1574,06;59,841;24,1;10,936;122,102;23,854;1412;1564;123,024;11,609;4,6575;1,217591185
2;na;5;17;238;1377,374;1601,429;71,497;31,575;9,597;121,387;30,887;1370;1588;119,055;10,391;5,355;1,305583946
2;na;5;18;1550;588,051;1882,908;149,681;53,014;37,227;151,477;54,231;564;1871;157,218;38,206;34,875;3,331824917
2;na;6;1;162;223,025;114,617;53,113;21,686;9,512;36,664;23,601;214;122;36,384;10,607;3,645;1,077144157
2;na;6;2;102;165,784;161,922;37,456;13,208;9,833;166,991;14,56;159;160;164,055;10;2,295;0,854705323
2;na;6;3;14234;1545,51;248,421;525,931;208,84;86,781;6,364;204,025;1451;270;9,878;89,776;320,265;10,09670816
2;na;6;4;479;990,074;277,523;83,841;31,749;19,209;104,734;32,573;985;262;107,879;19,933;10,7775;1,852183792
2;na;6;5;232;821,328;379,06;61,598;24,502;12,056;119,787;24,698;816;368;121,759;12,66;5,22;1,289021957
2;na;6;6;2261;905,693;399,285;176,368;54,158;53,155;111,436;57,009;882;417;37,875;51;50,8725;4,02407998
2;na;6;7;5462;1845,089;440,037;293,12;107,584;64,642;58,421;104,809;1817;486;52,365;64,081;122,895;6,254493861
2;na;6;8;732;1722,294;486,881;105,397;40,553;22,983;26,845;40,817;1705;498;30,964;23,266;16,47;2,289664566
2;na;6;9;1325;895,049;525,678;135,054;43,116;39,128;158,969;45;878;512;143,13;39;29,8125;3,080521625
2;na;6;10;135;1926,107;616,819;44,042;16,151;10,643;22,777;17,493;1918;621;30,964;11;3,0375;0,983293588
2;na;6;11;10880;147,014;694,455;498,718;154,853;89,458;162,282;183,883;71;618;146,31;101,585;244,8;8,827358616
2;na;6;12;147;1905,33;630,704;53,355;21,93;8,535;40,712;23,345;1897;638;43,264;9,515;3,3075;1,026065275
2;na;6;13;923;1382,029;669,976;114,468;39,988;29,389;136,791;41,34;1363;661;147,848;30,011;20,7675;2,571089372
2;na;6;14;6016;672,83;823,905;357,061;127,22;60,209;106,323;136,704;651;765;110,556;71,112;135,36;6,564025152
2;na;6;15;1226;33,432;979,554;132,711;45,882;34,022;16,963;46,84;10;984;16,113;34,649;27,585;2,963204045
2;na;6;16;13748;335,237;1129,425;463,103;153,476;114,054;45,657;161,037;267;1173;31,025;119,789;309,33;9,922842188
2;na;6;17;151;865,599;1128,381;51,355;21,831;8,807;125,779;22,204;860;1119;125,838;9,899;3,3975;1,039931651
2;na;6;18;1105;48,724;1180,17;128,953;45,154;31,159;22,421;45,222;26;1186;18,034;32,202;24,8625;2,813179615
2;na;6;19;179;104,243;1275,517;61,598;25,287;9,013;114,636;25,632;100;1264;110,556;10,29;4,0275;1,132251327
2;na;6;20;6076;1911,913;1460,648;362,191;116,106;66,631;134,864;134,183;1863;1406;129,86;78,746;136,71;6,59667678
2;na;6;21;355;1327,365;1421,607;74,184;26,538;17,032;114,095;28,653;1321;1409;119,249;18,493;7,9875;1,59452194
2;na;6;22;11021;725,682;1484,328;478,718;166,276;84,392;17,911;177,26;654;1526;29,023;92,355;247,9725;8,884373824
2;na;6;23;404;991,2;1466,21;82,426;32,807;15,679;109,494;33,242;985;1450;111,161;16,981;9,09;1,701010542
2;na;6;24;1121;950,347;1500,543;125,296;43,355;32,921;15,662;44,385;929;1505;14,349;34;25,2225;2,833473329
2;na;6;25;12050;63,311;1602,608;435,245;147,63;103,925;134,463;150,233;28;1534;120,833;109,363;271,125;9,289874482
2;na;6;26;2630;1556,944;1608,08;211,037;83,073;40,31;115,028;81,707;1544;1571;111,541;41,154;59,175;4,340044644
2;na;6;27;1091;1127,206;1691,449;164,066;58,509;23,742;115,35;60,141;1108;1672;137,021;27,856;24,5475;2,79530176
2;na;6;28;8405;1554,522;1775,851;363,848;128,859;83,049;54,873;133,963;1524;1830;55,954;84,944;189,1125;7,758632505
2;na;6;29;266;369,38;1734,06;76,426;33,022;10,256;111,067;33,242;364;1718;111,161;11,828;5,985;1,380248046
2;na;6;30;1093;178,226;1739,209;123,882;41,614;33,441;141,119;43,417;160;1727;141,546;33,941;24,5925;2,797862734
2;na;6;31;4717;1643,165;1791,997;262,049;86,766;69,22;46,106;87,664;1601;1807;25,688;68,589;106,1325;5,812316577
2;na;6;32;4658;1351,1;1849,582;257,723;81,442;72,822;6,907;82,329;1320;1878;40,073;70;104,805;5,775852112
2;na;6;33;335;1224,843;1842,849;72,426;28,014;15,226;113,113;29,069;1219;1829;116,565;16,101;7,5375;1,548954734
2;na;6;34;969;427,288;1903,454;117,64;39,121;31,537;121,225;41,183;417;1885;119,055;32,721;21,8025;2,63437873
2;na;6;35;1020;674,545;1917,473;135,681;40,329;32,202;108,382;42,802;659;1902;127,405;34,89;22,95;2,702815548
2;na;6;36;573;480,788;1930,329;117,439;50,786;14,366;128,803;51,856;463;1912;129,523;15,624;12,8925;2,025786318
2;na;6;37;798;1308,704;1971,723;139,439;53,799;18,886;146,125;55,172;1288;1955;136,469;22,202;17,955;2,390659743
2;na;6;38;357;1319,864;2007,169;74,912;25,713;17,677;109,239;27,295;1319;1993;98,427;18,337;8,0325;1,599007242
2;na;7;1;517;452,504;304,436;86,083;30,461;21,61;103,204;31,048;447;290;104,931;22,366;11,6325;1,924250439
2;na;7;2;299;378,186;315,149;65,841;25,19;15,113;121,554;25,554;372;304;120,579;16,09;6,7275;1,463362484
2;na;7;3;973;671,128;405,182;118,569;37,355;33,164;62,927;39,205;659;421;52,253;33,447;21,8925;2,639810445
2;na;7;4;4539;347,031;449,665;274,409;105,963;54,54;94,58;101,139;336;401;104,311;53,103;102,1275;5,701595645
2;na;7;5;937;260,345;437,517;142,953;61,201;19,493;22,388;59,808;234;449;20,556;21,032;21,0825;2,590515041
2;na;7;6;3042;187,792;564,552;218,409;82,653;46,861;83,803;82,873;179;604;81,674;47,834;68,445;4,667624681
2;na;7;7;819;300,202;556,815;118,711;48,124;21,669;119,456;47,508;289;535;120,343;22,197;18,4275;2,421911523
2;na;7;8;850;1104,162;640,018;108,569;36,943;29,295;74,935;37,643;1098;658;73,009;29,966;19,125;2,467321741
2;na;7;9;795;146,013;647,04;106,811;36,612;27,647;122,848;37,443;134;633;124,114;28,47;17,8875;2,38616179
2;na;7;10;4383;1467,058;997,171;253,563;84,602;65,963;170,252;88,363;1424;1005;5,194;66,29;98,6175;5,602760498
2;na;7;11;2136;1852,257;1029,424;175,782;61,892;43,942;31,201;65,215;1825;1048;35,64;46,888;48,06;3,911262345
2;na;7;12;3562;323,999;1110,109;239,48;85,92;52,785;12,646;90,25;283;1120;15,422;53;80,145;5,050836151
2;na;7;13;1462;1532,611;1122,54;153,439;57,67;32,278;121,09;58,009;1517;1099;125,882;32,205;32,895;3,235862127
2;na;7;14;3030;426,889;1189,566;220,995;80,781;47,757;16,128;79,076;393;1209;32,082;46,364;68,175;4,658409223
2;na;7;15;403;1984,612;1326,721;79,598;30,786;16,667;167,514;30,806;1970;1323;166,866;17,427;9,0675;1,698904027
2;na;7;16;975;1448,857;1339,977;130,711;44,775;27,726;59,972;48,6;1437;1364;53,366;30,241;21,9375;2,642522115
2;na;7;17;249;963,376;1353,532;61,355;22,4;14,153;38,654;23,601;954;1360;36,384;15,556;5,6025;1,335414219
2;na;7;18;1339;1456,175;1406,947;156,752;50,759;33,588;71,403;57,871;1449;1431;80,049;36,631;30,1275;3,096753315
2;na;7;19;3700;1084,949;1556,747;285,421;96,236;48,953;115,795;106,668;1053;1506;128,911;60,933;83,25;5,147746888
2;na;7;20;358;1181,408;1562,966;70,426;24,933;18,282;37,795;26,077;1170;1570;32,471;19,092;8,055;1,601245182
2;na;7;21;106;1394,113;1656,453;38,627;13,658;9,882;97,489;14,866;1392;1649;109,654;10;2,385;0,871303092
2;na;7;22;5010;48,3;1722,382;294,676;100,12;63,713;97,164;101,833;43;1671;97,334;70;112,725;5,990115351
2;na;7;23;8700;1014,022;1836,381;375,279;137,326;80,663;89,01;132,518;992;1900;70,608;78;195,75;7,893615155
2;na;7;24;4123;160,038;1825,208;248,836;87,98;59,668;115,2;91,706;144;1782;108,435;63,686;92,7675;5,434041992
2;na;7;25;8393;314,597;1872,941;376,517;139,369;76,676;56,054;137,906;257;1916;39,114;74,289;188,8425;7,753091943
2;na;8;1;7387;1632,647;111,731;328,551;108,724;86,508;87,733;109,604;1603;159;58,05;84;166,2075;7,273616048
2;na;8;2;989;958,115;358,63;116,468;37,56;33,526;80,328;38,626;952;377;68,749;34;22,2525;2,661426449
2;na;8;3;517;1689,092;512,721;96,225;38,387;17,148;127,475;39,115;1678;495;122,471;19,067;11,6325;1,924250439
2;na;8;4;6746;435,954;566,941;323,765;119,757;71,722;6,296;117,277;380;579;11,31;71,528;151,785;6,950875202
2;na;8;5;1895;847,465;690,891;178,652;71,439;33,774;26,405;71,694;815;706;22,989;35,086;42,6375;3,684011098
2;na;8;6;1615;1173,298;705,078;153,782;56,034;36,697;13,984;55,902;1145;710;10,305;37,322;36,3375;3,400968316
2;na;8;7;216;1224,657;711,667;54,284;18,249;15,071;88,071;18,868;1221;720;57,995;15;4,86;1,243778938
2;na;8;8;4201;1944,581;743,142;263,907;99,231;53,903;46,115;100,125;1912;784;50,268;58,215;94,5225;5,485202477
2;na;8;9;17108;518,203;771,59;643,553;189,957;114,671;168,539;234,036;413;732;174,606;141,82;384,93;11,06919259
2;na;8;10;4290;68,976;766,295;247,321;80,799;67,602;131,735;81,939;54;728;113,749;67,118;96,525;5,543001151
2;na;8;11;1639;695,547;838,703;186,652;57,152;36,514;8,635;67,186;655;845;14,657;41,589;36,8775;3,426145477
2;na;8;12;5852;787,663;915,21;298,007;102,332;72,812;170,192;102,825;740;924;7,263;74,246;131,67;6,473937188
2;na;8;13;447;278,701;940,717;93,054;39,885;14,269;123,095;38,588;268;925;121,218;14,716;10,0575;1,789246121
2;na;8;14;174;524,58;942,126;49,941;17,43;12,71;14,684;18,248;515;942;170,538;13,1;3,915;1,116325761
2;na;8;15;247;692,399;955,314;59,598;22,835;13,773;125,478;23,324;687;945;120,964;14,629;5,5575;1,330040297
2;na;8;16;2899;625,743;1051,692;252,735;108,258;34,096;28,467;104,235;577;1077;28,04;36,231;65,2275;4,556595012
2;na;8;17;2799;1422,911;1051,446;207,037;73,095;48,756;149,518;70,937;1395;1028;139,574;47,207;62,9775;4,477316256
2;na;8;18;959;1059,414;1193,705;117,296;42,8;28,529;137,496;43,829;1042;1181;145,222;28,991;21,5775;2,620750192
2;na;8;19;3595;1663,682;1258,59;233,581;86,652;52,824;81,175;85,44;1653;1301;73,686;52;80,8875;5,074178842
2;na;8;20;1019;965,945;1242,562;124,225;46,016;28,195;18,81;47,539;945;1254;22,249;29,52;22,9275;2,701490314
2;na;8;21;215;443,528;1234,886;55,113;18,644;14,683;15,292;19,416;436;1241;34,509;15;4,8375;1,24089648
2;na;8;22;7977;685,843;1324,917;347,061;121,986;83,261;27,276;126,531;627;1347;19,867;83,306;179,4825;7,558508725
2;na;8;23;932;1018,458;1454,605;124,125;38,551;30,782;57,08;41,785;1005;1470;68,962;33,123;20,97;2,583594069
2;na;8;24;15533;1814,853;1567,563;520,902;196,121;100,842;32,927;197,254;1743;1631;38,206;108,725;349,4925;10,54736545
2;na;8;25;9322;804,612;1597,769;370,86;125,334;94,7;158,221;130,541;742;1585;171,187;96,602;209,745;8,170918374
2;na;8;26;1726;1694,52;1624,537;170,51;67,04;32,781;155,337;67,231;1665;1609;157,249;33,549;38,835;3,515901652
2;na;8;27;1466;1404,49;1691,925;144,853;47,054;39,669;29,698;48,415;1383;1706;38,29;40,305;32,985;3,240285727
2;na;8;28;275;1151,922;1731,769;76,669;30,692;11,408;108,012;31,575;1149;1716;100,954;13,472;6,1875;1,403403869
2;na;8;29;1634;1995,881;1881,829;150,711;51,376;40,495;5,957;51,662;1970;1887;14,574;40;36,765;3,420915516
2;na;8;30;2075;1443,396;1947,983;169,095;53,576;49,313;98,586;55,362;1434;1921;106,798;49;46,6875;3,855008795
2;na;9;1;212;1978,58;83,316;53,698;18,866;14,308;115,279;20;1972;76;126,87;15;4,77;1,23220865
2;na;9;1;212;1978,58;83,316;53,698;18,866;14,308;115,279;20;1972;76;126,87;15;4,77;1,23220865
2;na;9;2;865;575,623;130,273;116,811;40,058;27,494;42,016;43,267;560;143;33,69;29,787;19,4625;2,488997019
2;na;9;3;3040;879,991;178,946;295,605;136,038;28,453;118,669;126,764;849;124;119,801;29,427;68,4;4,666090035
2;na;9;4;692;1878,747;222,601;100,569;34,522;25,523;39,994;35,511;1868;236;57,653;26,423;15,57;2,226226612
2;na;9;5;4934;1434,291;309,394;296,635;114,176;55,022;144,939;120,108;1387;272;147,236;58,474;111,015;5,944507718
2;na;9;6;2626;1958,599;383,363;214,451;72,127;46,356;120,185;76,694;1952;347;112,218;50,052;59,085;4,336742974
2;na;9;7;2122;1182,175;379,562;181,681;68,799;39,271;8,5;69,051;1147;385;10,008;39,946;47,745;3,898423465
2;na;9;8;4844;594,97;445,748;275,924;98,732;62,468;7,206;97,268;549;467;14,893;60,132;108,99;5,890041977
2;na;9;9;147;677,003;468,779;48,87;17,234;10,86;9,275;18,682;667;471;15,524;11;3,3075;1,026065275
2;na;9;10;171;647,202;478,307;48,87;16,953;12,843;98,23;17,464;645;470;103,241;13;3,8475;1,106660421
2;na;9;11;3233;935,4;530,661;218,51;73,218;56,221;108,57;75,472;917;496;122,005;54,398;72,7425;4,811928605
2;na;9;12;2192;1507,134;569,013;215,238;61,716;45,222;10,164;71,063;1471;587;13,841;48,447;49,32;3,962201861
2;na;9;13;608;520,6;660,589;94,912;33,143;23,357;74,838;33,541;518;678;79,695;23,913;13,68;2,086738901
2;na;9;14;467;131,104;743,204;107,054;42,232;14,079;113,192;42,154;124;723;112,306;17,85;10,5075;1,828836004
2;na;9;15;865;1925,567;778,747;118,468;46,211;23,833;122,032;46,615;1913;760;125,395;24,609;19,4625;2,488997019
2;na;9;16;456;1176,84;798,857;78,669;26,475;21,93;140,704;27,203;1166;791;143,973;22,627;10,26;1,8071689
2;na;9;17;1014;1970,266;1064,911;138,468;54,992;23,477;25,168;56,436;1944;1081;29,745;25,896;22,815;2,694854366
2;na;9;18;1541;630,963;1100,651;156,853;57,535;34,102;39,198;59,548;612;1122;49,086;36,619;34,6725;3,322137795
2;na;9;19;1295;482,864;1123,384;133,196;41,794;39,452;142,802;43,081;462;1118;158,199;39,598;29,1375;3,045448129
2;na;9;20;6318;874,911;1180,165;314,96;110,741;72,641;142,71;109,005;829;1157;157,906;71,792;142,155;6,726763105
2;na;9;21;935;554,665;1211,793;122,953;48,871;24,359;129,287;49,82;541;1191;128,48;25,456;21,0375;2,587748873
2;na;9;22;797;1762,464;1212,618;137,782;57,666;17,597;26,275;57,706;1734;1227;27,897;20,121;17,9325;2,389161366
2;na;9;23;1618;1808,242;1339,713;196,693;84,352;24,423;33,591;83,762;1777;1362;33,311;29,102;36,405;3,404125645
2;na;9;24;509;823,201;1366,362;84,669;30,89;20,98;25,592;31,385;809;1373;22,479;21,473;11,4525;1,909304578
2;na;9;25;1134;488,735;1544,451;142,125;47,534;30,375;139,997;51,856;474;1521;129,523;32,907;25,515;2,849855566
2;na;9;26;347;132,854;1567,079;91,74;33,84;13,056;29,509;36,62;116;1578;34,992;15,901;7,8075;1,576453119
2;na;9;27;335;621,491;1640,196;74,912;30,353;14,053;130,555;31,401;612;1628;127,235;14,849;7,5375;1,548954734
2;na;9;28;2371;569,136;1665,958;188,794;62,903;47,992;59,934;66,219;559;1700;75,124;49,497;53,3475;4,12080534
2;na;9;29;1666;145,225;1660,552;153,64;51,882;40,885;178,785;52,393;121;1652;156,371;39,603;37,485;3,454250437
2;na;9;30;778;1665,942;1712,979;106,569;33,34;29,711;50,232;35,805;1654;1726;35,91;31;17,505;2,360511503
2;na;9;31;161;657,929;1740,363;51,113;15,072;13,601;66,699;17;651;1745;28,072;15;3,6225;1,073814492
2;na;9;32;1351;161,99;1865,732;153,924;48,82;35,234;55,865;54,037;153;1888;51,009;38,362;30,3975;3,110598779
2;na;9;33;1009;1100,306;1863,753;122,711;45,216;28,413;25,84;46,615;1080;1872;22,714;30,208;22,7025;2,688202037
2;na;9;34;437;418,168;1866,905;80,083;28,449;19,558;117,173;28,792;413;1854;110,323;20,576;9,8325;1,769118977
2;na;9;35;163;1524,255;1918,77;49,456;16,555;12,536;113,311;18,601;1518;1911;126,254;13,019;3,6675;1,080463561
2;na;9;36;589;1574,06;1973,057;108,811;46,575;16,102;116,974;46,53;1563;1952;118,217;17,293;13,2525;2,053874818
2;na;10;1;728;1145,817;67,534;108,569;41,183;22,507;113,07;41,231;1135;50;112,834;23,441;16,38;2,283400082
2;na;10;2;3399;1021,843;114,607;245,279;91,933;47,075;13,712;96,462;975;125;17,496;53,263;76,4775;4,933917746
2;na;10;3;1600;1862,669;207,867;174,953;68,825;29,599;0,252;68,731;1827;200;171,634;31,049;36;3,385137501
2;na;10;4;108;669,056;247,343;40,627;15,98;8,605;27,448;16,401;663;253;37,569;9,291;2,43;0,879484521
2;na;10;5;1219;518,656;329,95;143,196;52,971;29,3;30,525;54,203;500;346;37,504;30,861;27,4275;2,954732543
2;na;10;6;1059;1336,625;417,102;122,125;39,081;34,501;33,906;40,719;1317;424;24,677;34,648;23,8275;2,754002326
2;na;10;7;1520;1463,388;468,294;151,681;49,723;38,922;143,693;50,606;1439;458;150,396;40,177;34,2;3,299423905
2;na;10;8;11810;541,245;525,273;451,706;156,917;95,827;29,052;167,362;481;578;40,638;101,065;265,725;9,196895917
2;na;10;9;1979;1399,794;502,72;197,622;75,555;33,35;57,543;76,4;1381;531;52,98;35,709;44,5275;3,764776681
2;na;10;10;181;1447,003;536,831;50,527;18,012;12,795;17,012;19,313;1438;540;21,251;13,868;4,0725;1,138559182
2;na;10;11;1311;687,778;557,232;158,752;66,027;25,281;30,443;64,9;661;575;33,69;25,073;29,4975;3,064203953
2;na;10;12;2301;908,771;591,722;184,125;60,82;48,17;17,141;65;884;610;36,87;47,634;51,7725;4,059519501
2;na;10;13;8238;562,515;639,627;392,534;112,21;93,476;24,878;120,615;518;678;40,292;102,021;185,355;7,681167161
2;na;10;14;1245;1922,803;703,872;137,154;41,339;38,346;25,909;45,486;1904;691;146,659;37,357;28,0125;2,986076973
2;na;10;15;10662;920,696;836,645;463,387;120,37;112,78;102,302;150,685;913;766;105,789;123,058;239,895;8,738475276
2;na;10;16;10486;794,582;895,057;465,612;177,915;75,043;142,971;170,018;736;827;123,97;80,579;235,935;8,666051177
2;na;10;17;846;1003,878;862,505;117,539;46,486;23,172;33,845;46,648;983;872;30,964;25,067;19,035;2,461509432
2;na;10;18;6530;577,381;910,386;317,037;105,033;79,158;21,701;109,202;535;949;37,185;77,585;146,925;6,838689935
2;na;10;19;178;1643,652;1020,287;49,113;17,948;12,627;135,61;18,601;1638;1013;126,254;13,322;4,005;1,129084184
2;na;10;20;3763;1618,984;1056,658;241,421;72,721;65,885;142,361;75,425;1583;1062;6,089;69,124;84,6675;5,191387318
2;na;10;21;359;344,01;1100,263;70,77;24,911;18,349;107,487;25,554;339;1088;120,579;19;8,0775;1,603479999
2;na;10;22;2510;1793,318;1166,702;205,823;73,033;43,759;71,279;75,133;1781;1207;80,036;49,199;56,475;4,239876274
2;na;10;23;969;1424,912;1157,815;135,539;40,732;30,29;45,171;47,508;1408;1179;59,657;34,963;21,8025;2,63437873
2;na;10;24;1576;479,51;1175,87;164,409;66,488;30,18;121,303;65,734;462;1148;123,207;31,37;35,46;3,359653042
2;na;10;25;717;1657,514;1167,301;103,983;34,221;26,677;120,977;36,77;1651;1150;112,38;29,071;16,1325;2,266083458
2;na;10;26;339;1372,665;1176,518;81,255;33,183;13,008;114,235;33,541;1366;1161;116,565;14,558;7,6275;1,558174784
2;na;10;27;2104;936,849;1195,659;172,752;55,916;47,909;12,697;58,694;909;1206;23,07;49,984;47,34;3,88185394
2;na;10;28;763;239,905;1247,36;106,711;40,473;24,003;38,263;39,962;222;1257;31,701;23,983;17,1675;2,337645176
2;na;10;29;1048;820,16;1287,446;120,811;40,764;32,734;58,139;42,202;806;1304;53,673;33,954;23,58;2,739661862
2;na;10;30;4181;329,894;1406,758;247,806;81,957;64,954;127,609;85,796;319;1366;111,181;65,054;94,0725;5,472130003
2;na;10;31;708;1008,578;1421,319;98,569;34,333;26,256;41,954;35,228;993;1430;34,592;26,87;15,93;2,251816264
2;na;10;32;523;1325,395;1466,301;88,569;33,102;20,117;44,208;33,601;1315;1480;53,471;21,213;11,7675;1,935384093
2;na;10;33;965;924,551;1606,973;118,711;42,556;28,872;49,186;43,278;908;1622;40,314;29,525;21,7125;2,628935793
2;na;10;34;596;1844,757;1624,482;95,397;34,841;21,781;119,126;35,114;1839;1607;109,983;22,479;13,41;2,066043459
2;na;10;35;4974;781,029;1660,235;287,622;108,368;58,441;94,927;106,471;782;1608;95,389;58;111,915;5,968555178
2;na;10;36;4224;1256,189;1675,062;252,049;92,955;57,858;38,237;91,788;1213;1690;23,772;56,821;95,04;5,500197413
2;na;10;37;2090;1118,956;1713,864;170,652;52,883;50,32;160,789;55,326;1091;1712;173,774;50,912;47,025;3,868917471
2;na;10;38;2441;1563,847;1730,442;186,309;63,361;49,052;51,172;63,82;1545;1756;54,567;49,497;54,9225;4,181192979
2;na;10;39;3248;1700,756;1755,109;258,35;105,683;39,131;114,078;103,446;1678;1708;119,539;40,847;73,08;4,823078527
2;na;10;40;452;284,44;1812,024;87,154;35,352;16,279;119,659;34,67;274;1798;123,232;16,651;10,17;1,799225262
2;na;10;41;144;1737,389;1817,819;50,184;20,57;8,913;132,359;21,401;1731;1810;127,405;9,899;3,24;1,01554125
2;na;10;42;453;758,273;1922,747;80,669;29,677;19,435;35,523;31,064;746;1932;33,179;20,293;10,1925;1,801214456
2;na;11;1;4430;1026,217;68,278;260,794;88,719;63,576;171,313;88,057;984;60;164,859;62,766;99,675;5,632720294
2;na;11;2;5257;755,856;295,143;289,505;109,498;61,128;129,258;109,554;728;247;123,835;61,518;118,2825;6,135999439
2;na;11;3;6698;943,196;363,709;326,274;113,405;75,201;42,299;115,317;888;383;21,894;74,953;150,705;6,926102179
2;na;11;4;1781;1209,776;445,531;176,995;71,409;31,756;117,711;69,642;1192;415;122,093;31,307;40,0725;3,571480493
2;na;11;5;3790;337,533;580,35;233,421;76,266;63,273;56,719;76,42;331;617;83,991;62,407;85,275;5,209978459
2;na;11;6;1844;1787,875;699,594;171,48;60,467;38,828;34,486;60,415;1760;715;24,444;38,972;41,49;3,634099225
2;na;11;7;660;1722,259;843,117;102,326;39,084;21,501;3,197;40,447;1703;846;8,531;22;14,85;2,174143926
2;na;11;8;813;1668,651;953,482;107,397;37,561;27,559;26,861;38,949;1651;962;29,197;28,628;18,2925;2,413023745
2;na;11;9;991;1143,618;1041,693;125,782;46,573;27,093;29,37;46,043;1123;1053;34,38;27,44;22,2975;2,664116117
2;na;11;10;3426;1118,511;1231,67;223,522;75,394;57,858;104,362;79,31;1106;1195;103,861;60;77,085;4,953475303
2;na;11;11;4625;770,332;1366,696;256,777;82,24;71,605;45,058;86,348;729;1379;13,392;69,695;104,0625;5,755355986
2;na;11;12;638;1067,989;1368,809;106,468;43,297;18,762;30,151;42,72;1049;1380;32,574;19,707;14,355;2,137601089
2;na;11;13;375;797,78;1625,396;71,598;23,851;20,019;113,953;25;791;1615;126,87;20;8,4375;1,638822646
2;na;11;14;3250;1806,062;1645,307;247,865;90,017;45,969;179,218;88,119;1763;1655;9,142;48,818;73,125;4,824563237
2;na;11;15;817;1294,067;1845,608;106,811;35,343;29,433;83,973;36,497;1292;1827;99,462;30;18,3825;2,418952559
2;na;11;16;7068;1396,748;1932,342;357,203;124,459;72,307;26,709;133,154;1335;1951;22,521;80,77;159,03;7,114831073
2;na;11;17;12426;496,615;1962,544;464,534;162,302;97,48;30,962;172,003;435;2019;42,408;101,678;279,585;9,433698613
2;na;11;18;1629;645,06;1990,366;160,752;62,056;33,423;28,678;60,208;619;2005;32,106;33,633;36,6525;3,415677547
2;na;12;1;12602;482,453;94,866;472,943;146,338;109,646;149,934;149,857;414;97;6,129;110,29;283,545;9,500272453
2;na;12;2;1234;135,148;140,077;136,61;49,477;31,756;10,68;51,478;109;142;7,815;33,475;27,765;2,972856201
2;na;12;3;8048;929,378;344,087;353,688;122,823;83,429;130,312;126,143;904;288;115,346;82,42;181,08;7,592071798
2;na;12;4;1123;868,339;463,049;130,368;45,207;31,629;67,544;44,553;868;485;80,961;31,68;25,2675;2,835999832
2;na;12;5;4587;936,521;592,919;268,534;99,012;58,986;147,184;95,802;897;566;143,489;56,898;103,2075;5,731663596
2;na;12;6;1108;1099,467;584,19;128,368;40,853;34,532;2,359;43,463;1083;574;156,975;35,881;24,93;2,816995822
2;na;12;7;1671;515,383;598,261;155,054;52,786;40,306;5,443;53,141;490;608;19,799;40;37,5975;3,459430003
2;na;12;8;112;1075,571;614,152;37,799;13,615;10,474;6,728;14,318;1069;617;24,775;10;2,52;0,895623198
2;na;12;9;623;1714,917;697,184;102,569;41,477;19,124;20,167;41,437;1695;704;19,747;20,193;14,0175;2,112323088
2;na;12;10;5297;500,905;753,38;279,948;96,708;69,739;138,715;96,4;468;717;126,989;68,794;119,1825;6,159299312
2;na;12;11;4682;936,653;801,238;270,108;93,068;64,054;99,732;93,434;937;848;84,472;63,849;105,345;5,79071282
2;na;12;12;173;677,98;765,54;50,184;18,875;11,67;129,728;19,416;673;757;124,509;12,021;3,8925;1,113113306
2;na;12;13;1611;673,725;818,506;188,995;51,519;39,814;101,293;64,14;654;791;120,964;47,362;36,2475;3,39675398
2;na;12;14;2997;1504,972;945,67;205,865;65,478;58,278;134,063;68,352;1494;913;110,556;57,7;67,4325;4,632972199
2;na;12;15;12278;262,333;1188,49;429,772;146,678;106,58;19,161;154,557;183;1202;10,437;108,255;276,255;9,377350244
2;na;12;16;543;335,342;1361,248;92,326;36,121;19,14;118,005;36,892;326;1346;122,829;20,576;12,2175;1,972042351
2;na;12;17;4716;915,176;1510,893;278,291;101,064;59,414;52,042;100,424;877;1539;38,125;60,195;106,11;5,811700442
2;na;12;18;5527;1552,35;1584,083;295,966;109,016;64,552;7,421;105,802;1502;1576;172,942;64,597;124,3575;6,291599294
2;na;12;19;1374;1962,491;1704,383;167,581;67,293;25,997;30,451;68,797;1934;1723;32,535;30,556;30,915;3,136965115
2;na;12;20;1562;1186,187;1786,001;163,338;55,93;35,559;68,336;57,428;1184;1815;82,999;38,023;35,145;3,344697438
2;na;12;21;1642;1614,361;1827,711;159,681;47,54;43,977;11,951;51,478;1590;1816;172,185;46;36,945;3,429279625
2;na;12;22;798;1742,667;1846,615;123,882;37,006;27,456;151,035;43,046;1726;1834;149,265;33,215;17,955;2,390659743
2;na;12;23;4949;1900,347;1930,793;280,693;93,755;67,21;165,975;95,131;1865;1898;146,143;70,533;111,3525;5,953536898
2;na;12;24;1197;380,584;1977,406;135,882;50,701;30,06;20,495;51,078;358;1990;23,051;30,902;26,9325;2,927948259
2;na;12;25;459;1531,574;2015,807;81,497;29,394;19,882;49,086;30,232;1524;2029;55,784;20,9;10,3275;1,813103789
