,area,centroid,mean_radius_edge_distance,mean_radius_circle_area,radius_minor_axis_ellipsis,aspect_ratio,orientation
0,5.016922112726855,POINT (124.5121106441714 298.85284371941526),1.3852268054104309,1.2636992944110668,1.6446735700626194,1.5530948212129334,2.899417991481861
1,8.190018149836147,POINT (108.89780626083234 298.7425035595582),1.7277878763844352,1.614609471394716,1.4481772525887981,2.6554108765498423,-3.02374145649011
2,1.1899110139159847,POINT (123.46094400549796 295.2341642602607),0.633930278777389,0.6154351626357045,0.8315132930571238,1.361830391180337,-2.2863180712094646
3,2.2619029183448,POINT (215.34800904537263 293.01445102183175),0.8902817737832679,0.8485199234532547,1.0706350919453578,1.4913616908848115,2.9407167298931087
4,128.0601529030663,POINT (201.35277064290793 294.67565338231253),9.48776740155327,6.384576156273325,2.707666946593904,9.909481655925442,-2.7920790285372643
5,1.0934317425173914,POINT (117.75702359278998 284.65683249749395),0.6241686780614185,0.5899577387495267,0.7118617507566187,1.7562129442389458,-1.9508400587771546
6,1.3185500424474426,POINT (105.94354476700954 276.53722638570196),0.6744776219809789,0.6478483726452339,0.8079935641265034,1.532287891885588,-2.713011085571805
7,196.02443964385296,POINT (105.99776204655461 285.0143967189621),7.7823302798255725,7.899146604050097,10.14479440985695,1.3024801723386046,2.5659279502475143
8,42.37583998207105,POINT (254.26323394955725 236.96139544584062),3.6695302269412653,3.672689586888002,4.397992355500117,1.41160866178235,-2.4096566498261214
9,383.8481412188258,POINT (83.16701365641252 229.8038369046517),11.143923126862083,11.053626470223428,11.4867867874714,2.0817564734767027,-0.817157333017506
10,37.015880459927,POINT (199.96054697601193 113.09552955903622),3.517277311030096,3.432567653549186,4.254974025833176,1.4052221527139452,-1.9899169038470859
11,54.51078834020529,POINT (225.79285210385078 103.77055211403612),4.225249370862532,4.165491907609407,4.571269421311061,1.70768340234037,-2.8062176348452605
12,30.31593105724689,POINT (254.18686195792782 57.215979279468094),3.1123391432497067,3.1064224703648895,3.588946162007615,1.5477995927899448,-1.4719191762441892
13,125.94832885134147,POINT (266.0381400774199 44.35541231827648),6.33911567212947,6.331713687597469,7.023467306640812,1.6609544448793079,-2.163827014103614
14,181.809826991127,POINT (223.56401319697602 35.64540261906872),7.723008050955954,7.607356001702583,8.517777728879565,1.653130467173552,-2.782753705335477
15,3.977089965430904,POINT (49.17882174655112 8.737127731672194),1.209866112659809,1.1251431261128546,1.2486983990745786,1.7616365907798777,-2.740479683882484
16,7.075146569230179,POINT (64.86161219504746 1.113853832898718),1.7311634411620749,1.5006962048280443,1.1873225496358157,3.402681766187864,-2.858250926835272
17,324.97434582759524,POINT (34.19657992595457 10.720342324051593),12.37815957610705,10.170670923446185,6.394018019367189,5.713881462035594,-2.760552941375231
18,119.23765952961706,POINT (17.03639421016742 295.57092236524585),7.796997104448512,6.16072445688768,4.271778564210206,4.800589877051457,-2.7898657365217883
19,6.003154664801363,POINT (28.512226710521762 288.4530528493227),1.5037244107108383,1.382339856220826,1.5223567552110033,2.0046292996270143,-3.099306412714193
20,164.43283822033604,POINT (201.57029699566576 276.488839038261),7.220582380925659,7.234680229201069,9.70651050363141,1.1408644854983607,-1.963677610255643
21,140.48453907539624,POINT (144.03073947718477 263.88192746234),6.917436274559312,6.687123271158658,6.954481691947334,1.9119530915352767,-0.8518538833531465
22,30.23017170489258,POINT (73.7372593676473 235.28106768398632),3.161520950158257,3.1020255502978706,3.521361089031768,1.6413914185757634,-2.3076235851003384
23,3.473253770349361,POINT (134.0098802142857 145.87741360114313),1.105640035320218,1.0514613698692534,1.1432864418351256,1.959032935609272,-2.974716313473406
24,202.9923870226404,POINT (172.86092662371388 147.0327284129995),8.288281132892452,8.038313480410718,8.133511577126942,2.004109840056003,-1.1615099941918063
25,49.80474387976277,POINT (137.31772955495168 135.8016718029655),3.9496485466363307,3.9816255921143733,5.0297295196985905,1.3593827545937298,2.4335378023058643
26,46.31005027132481,POINT (296.78641355312953 130.64101392577788),4.02011177613356,3.839394070817819,4.453867488043912,1.5608484572382206,-1.3819795147273815
27,45.35597747638317,POINT (18.805064967149978 110.2700263465501),3.837046907396692,3.7996389339333416,4.981333329152019,1.1850405190811923,-1.1837884373806487
28,34.70037794636073,POINT (44.62455984726341 101.73284166882826),3.4299723564109135,3.323473086191703,3.436172415992852,1.9242057162368336,-2.435666980413748
29,13.239100019695867,POINT (72.34403211423738 54.281973514624426),1.9415419950526254,2.052836189384144,2.0333111026041064,2.4012929567393657,-1.2715658091108566
30,2.830058627692072,POINT (79.40719586080223 46.02153113292473),0.9447340866829413,0.949123616645439,1.2417956949181208,1.3600532470445645,-0.9314358010616975
31,82.74705510286026,POINT (84.89876310597401 41.367629578492235),5.027251047979273,5.132173583564307,6.029851418138192,1.4941954088256593,-2.09701234047808
32,167.52017490509098,POINT (41.83876991911234 33.07768798171767),7.337727669777313,7.302282369747709,8.173770570740299,1.6518028081395666,-2.9170789863425215
33,41.77552451559093,POINT (265.206065519868 28.358401063155725),3.7173075372444417,3.646582297689976,3.965398527404176,1.7122640441729728,-2.1352142608455718
34,102.41810654912899,POINT (30.219157743664844 298.0588150772967),11.184874042242303,5.709701904549186,1.6306551434463616,17.60145230956866,-3.0782058627245146
35,199.81929098553118,POINT (73.90418718127219 283.24642787430383),8.29393010630175,7.975240170109624,9.032982818884008,1.6857140636740926,-3.1387448894895176
36,120.13813272933731,POINT (223.0173628431308 237.78041823403922),6.160295283220003,6.183943349951429,7.4203860689559,1.40143222649984,-0.8031770223603811
37,1.1899110139159847,POINT (17.76604998111725 224.7692893066922),0.6893676078088821,0.6154351626357045,0.7042036568764999,1.9156125563099544,2.7333653166996856
38,137.1720840907112,POINT (86.34922083348228 225.2696654333192),6.694390125569364,6.60781586263628,8.307392498455087,1.4146580106195181,3.0137933694268155
39,135.24249866273942,POINT (131.5413448126252 213.75113141337565),6.851211200887392,6.561175531606212,6.388291482418347,2.1104649555921395,-2.2696662892816284
40,31.709520533004355,POINT (297.90518818842025 185.80781029631274),3.7041257124590787,3.1770196524106034,2.9670809466842276,2.839672537264706,-1.6293685822197392
41,208.39522622096163,POINT (274.37384940491734 163.28937834466157),8.962181335686322,8.14458474936811,6.599334350105104,3.289653028842645,-2.322115821556131
42,154.91355010900804,POINT (90.41467884525271 154.30801866209782),7.1071103798628625,7.022144580078461,9.134533000382259,1.2251138716223453,-1.8272764077642898
43,141.42789195129362,POINT (32.90002500704356 141.53052705814144),6.879754157450293,6.709537703167761,7.266349625972325,1.7779430781345533,-0.8411066174413172
44,103.53297812973496,POINT (194.90029142230446 86.2540374235426),5.8132908803289824,5.740694251111518,7.081942296601027,1.3427755689650207,-2.9987567058200293
45,56.38677417295569,POINT (286.0506822965106 19.434099314075695),4.286965926733648,4.236563190755525,5.074353464594241,1.441712051300606,-2.3843848343701124
46,229.802904552405,POINT (61.95904773955459 25.130916276774197),8.862885962825093,8.552691762993716,8.25704409313868,2.1530569784146003,-1.1630568263120324
47,149.46783123450965,POINT (25.387961586488856 16.173282790481547),6.803649618356093,6.897614685410805,8.1793571073587,1.5002841778951146,-1.8563827855035862
48,73.04552836777947,POINT (187.44136251986353 8.48483361158599),4.851674304644468,4.82194087696881,6.312190784247337,1.1881017770941047,2.7970506224900715
49,1.8759858327504264,POINT (129.44338438204358 297.73640663095887),0.8403227635755449,0.7727514716292633,0.835103155939475,2.2147849587069106,-2.421090206424407
50,6.3997916694400265,POINT (123.75973259459191 298.30282645738714),1.470670845282901,1.427276062259655,1.5777924050511898,1.5664795273200443,-2.169757303130452
51,16.8195529804881,POINT (133.48782751870198 293.3999464674464),2.888843229508169,2.3138344787130745,1.9422271145321839,4.017168664223756,-2.681237535003177
52,2.8086187896034955,POINT (144.64759175706905 289.03642750139),0.9629549413849614,0.9455216164913125,1.4469798515038883,1.056835672669777,2.978630787783112
53,198.31850231933078,POINT (143.29562458382748 258.97930124804935),8.164232583816117,7.945233785195122,9.447397258310087,1.5030889481264336,-3.052489849932697
54,134.08474740595622,POINT (242.1434352887768 224.8202808520732),7.139928597077595,6.533031508095782,5.798700069935214,2.565118995774058,3.004030434290731
55,183.61077339056743,POINT (242.2120887696802 199.67278822519964),8.48874962415745,7.644941097226931,6.230240697283283,2.9066057972113493,-1.2976533674563968
56,136.8183267622497,POINT (159.44569543201123 196.76408241562999),6.869237410835104,6.59928981175614,6.620623833338778,1.9967163081700785,-2.352565495090731
57,173.48044989371508,POINT (58.57295743096507 159.87111206909677),7.59450562462177,7.4310525674887575,8.220249519697063,1.7655688040558983,2.741931912322428
58,50.79097643183726,POINT (21.627719691769407 143.2852113395804),4.073064102927186,4.020854377763725,5.165865974734023,1.2815536042385736,-0.864556947902314
59,254.71599641133082,POINT (124.40264339022282 121.3671398360048),9.527423131841708,9.004366708818647,7.940902300431056,2.5951050307421184,-1.4265875723957218
60,13.110460991164405,POINT (213.57599864433462 86.22655373226884),1.898887435945173,2.042838551113271,2.5447450476339393,1.3912470852077152,-1.2715588887468119
61,218.23611190361808,POINT (250.33817994306622 58.262945281928204),8.53185864390719,8.33466927605611,11.308200171272063,1.2017747315905998,-1.700869754048848
62,16.422915975849442,POINT (264.36123734903254 281.8155480267446),2.220350504954904,2.2863894058271423,2.4644025956433553,1.777758893719807,-1.2241906322938831
63,5.617237579206993,POINT (158.06518081120632 252.15372920047682),1.3118195866330398,1.3371694935589467,1.8163965286627857,1.563110500800539,-1.252491489562563
64,1.415029313846036,POINT (156.07412789355627 250.53613577579912),0.698033674149841,0.6711317455142911,0.7516245900241065,2.0184014095554237,-2.38146085316728
65,252.1003361645244,POINT (61.75589699986491 247.53249943735918),8.91664254788413,8.958014808618321,10.44383010495861,1.5514733320246934,-1.864179524230793
66,26.220921982328818,POINT (166.92259770784085 231.00147134175276),2.8677646145459783,2.8890099847229918,3.394471304794354,1.5917639327969073,-2.097486350367402
67,80.73171032253406,POINT (190.15390431417163 159.7220961690709),5.684004660512779,5.069290041434655,4.283562972367938,2.894328988604494,-1.6284929639488746
68,44.31614532908719,POINT (14.71590301677058 142.72888727569762),3.9073326034718336,3.7558310898928977,4.042932605999494,1.7080423495109338,-0.8397048332789906
69,465.86624182667515,POINT (106.46176220163228 124.05311568770873),15.244568422842496,12.177431191048434,8.057264122909897,4.866240802592828,-1.0211930543000156
70,5.0490818698597195,POINT (298.96837072817885 90.4645350030653),1.5740826086985302,1.2677431424889225,1.1977553114333976,2.94325064668951,-1.7169932053834298
71,22.479670235872256,POINT (158.22690717244237 84.92811396899941),2.6700262927087115,2.6749768735878154,3.2416971976527202,1.369787343093369,-2.1862481114157784
72,26.596119148878902,POINT (290.28245184653144 82.36991101640315),2.979248302791602,2.9096061003527915,3.285611312597009,1.5719148624011325,-2.2995499290373114
73,89.08252725803453,POINT (110.9657224540963 48.21448851572045),5.4795090115413645,5.325021043382778,5.542196851709777,1.8300516562906475,-2.64403291936646
74,81.51426441276716,POINT (243.0872092722771 35.97733982405901),5.128103816581593,5.093799782832393,6.361633112056111,1.3326836744706945,-1.039004377589695
75,12.810303257924339,POINT (110.9715235891202 281.4593146149832),2.070099674124093,2.019318244361136,2.329958325256774,1.6462593399224603,-2.360661024496397
76,7.3538644643816715,POINT (208.12049865726988 271.21144868933067),1.704816038450108,1.5299698561306208,1.2296464443044415,3.3515500805085128,-2.5873593641353283
77,12.99254188167724,POINT (41.531234604223556 265.1859054137084),2.0000707588670448,2.0336308729941175,1.917227387614329,2.2033217223918626,-1.1717067410406994
78,89.75788215782471,POINT (249.48039626397497 257.81898049512426),6.229035171495677,5.345168028580138,3.6422021394762214,4.394479321557595,-1.07746222577887
79,57.75892381062454,POINT (228.90714471115183 253.3222469126541),4.338253079449989,4.2878008890640125,4.976762936218047,1.4722056126094818,-2.253694841741256
80,49.44026663225696,POINT (163.75706252139094 250.84652805802676),3.9667997621526454,3.9670298265339494,5.5638420854788935,1.0369389579646822,-0.854776994778489
81,1.7902264803961212,POINT (122.65466035608044 242.32941274335997),0.818742534828282,0.7548819690641031,0.8983481995370663,1.792705966441383,-1.2627052520234001
82,13.614297186245954,POINT (141.817989738837 243.45856550798186),2.4773445201383435,2.0817217364062497,1.5447055515570105,4.183247649528833,-2.6067705347643484
83,98.10869909332519,POINT (183.8620540006705 245.19845670524518),5.812504764889927,5.588288543197828,5.755177081061671,1.8721763011998842,-2.5006548659493353
84,5.542198145896974,POINT (278.44517495646005 239.1271167907655),1.3291673540605884,1.3282079886179277,1.8429551754893871,1.0865510730387034,-3.0185247860758233
85,115.48568786411626,POINT (114.28443690030657 243.00152525795957),6.50873519621467,6.0630220319477335,6.1104029636082275,2.050006274931405,-1.5067050583251718
86,16.304996866362277,POINT (270.01669022342935 237.68408629008218),2.3500817807904624,2.2781663013833824,2.3965170081062004,1.9003459641203138,-1.2095106044170327
87,24.39853574479983,POINT (135.28464575361969 235.23021407329807),2.7982412903625287,2.786807337434431,3.172088278130543,1.4583647699135223,-2.4198928151129864
88,2.401261865920546,POINT (272.6536097744746 232.17644868192397),0.8885997547606822,0.8742684892174977,0.876378570403607,2.3554430833616324,2.7795717238882887
89,10.066003982586572,POINT (269.25002941355933 228.24604676805131),2.4921855070674637,1.7900023972114438,1.4211957489610412,4.692421844592565,2.796008801373856
90,2.84077854673636,POINT (271.508562962514 226.05797529985318),1.0215007830200975,0.950919500212823,0.9551828303110885,2.120792107833904,2.4823938407790713
91,14.36469151934612,POINT (193.94672553726102 214.65803664582435),2.2031911649340596,2.1383225487723614,2.129911047884471,2.02998102365829,-2.3375934812314947
92,34.64677835113937,POINT (111.30494162026277 221.29805200807013),6.203230621324387,3.3209053093375296,1.4759159887454787,12.455944978708184,-1.074628604457564
93,18.909937194124296,POINT (147.63654603570902 208.0204639510841),2.4245265989219753,2.453409863028258,3.1810205799631097,1.233406316251676,-2.48197597539856
94,5.070521707948297,POINT (103.21204959495626 206.5942558728741),1.3340667483925883,1.2704318902442044,1.50195529923353,1.5324111458862364,-1.6741158921900299
95,96.96166775558633,POINT (48.229933044325946 205.90112013289334),5.625765918751889,5.555524946165863,6.965561292707619,1.3320169772245298,-1.1547566473317623
96,247.3085323517275,POINT (156.48681706643018 209.3913034085424),11.520492796374802,8.872471515037887,5.037932419991366,6.451401257648219,-1.0842023747078626
97,26.328121172771702,POINT (120.01845303177836 188.4848482756472),2.947328074672841,2.8949095415812236,3.360293961407258,1.494455684253403,-2.008481946646183
98,401.1500905563068,POINT (224.98973170149736 212.95600812022744),19.339498982409552,11.300001755203198,6.122525732934876,9.07893390024268,-1.109465393984413
99,20.37856610319177,POINT (35.02699926150654 182.57006424435002),2.552259931700121,2.5468998914161953,2.8373425386580844,1.6754713351786483,-2.3586947669229614
100,51.19833335552019,POINT (137.1235023371102 175.04366025943906),4.049798091187924,4.036946328996139,5.587815298655105,1.0873571338519552,-2.7190872825121533
101,61.01777920008814,POINT (89.95739178676807 183.65785191106545),8.00584917362924,4.40710362396526,1.7830521510242685,13.007513302700877,-1.0626929788625492
102,1.071991904428815,POINT (82.72780696839094 169.32656290382147),0.6779208479321525,0.5841452054829186,0.7398600569184336,1.7330239720098566,-1.297811280936988
103,22.0723133121893,POINT (242.66783534655488 170.7909933555585),2.6185501653932963,2.650629272119348,3.483802020790471,1.2164261450288232,-1.2621590257123148
104,38.14147195957723,POINT (70.15091187710878 172.11762862657991),3.6460544254709966,3.48436616880822,3.191038188853679,2.4400632535071898,-1.0592390887923304
105,28.53642449589505,POINT (208.4533081793924 169.6046960260594),3.070150571337064,3.013872265604614,3.3117230828588027,1.8066061016215238,-1.9219894464711897
106,61.17857798575249,POINT (262.5931191076867 170.8493060391557),4.590712843706769,4.4129067739451555,4.795890480165985,1.8305908264344266,-1.7455430538371204
107,1.8331061565732738,POINT (80.521501834281 165.59868652552197),0.7903419631621053,0.7638689757161531,0.7851098363633374,2.166943337534693,-1.0184725134761217
108,11.062956453705375,POINT (50.29854937579281 161.02724550352545),1.8822927704457486,1.8765522666942136,2.2446297809117364,1.4316046967111948,-1.400561981309439
109,41.8184041917681,POINT (256.2919402089417 161.5015674190043),4.390242246440969,3.648453299505074,2.3642638903769853,4.901545868167963,-2.6674840872683685
110,3.483973689393649,POINT (199.97078399667376 151.23443907636866),1.242017597672589,1.0530827453425555,0.7414364099205019,4.041977369014817,-0.9693450451735299
111,91.28011066211356,POINT (236.87559743184795 154.7401939908056),5.451453525724947,5.390302555117031,7.256862531473509,1.152806071105262,-1.1717245960273497
112,7.042986812097315,POINT (240.48197106697248 149.2463940572974),1.5436252429462751,1.4972816470366006,1.6805663779982176,1.7383632178677275,2.4650817250256547
113,70.10827054964446,POINT (194.58868951347705 160.0835018086324),9.36679292653158,4.7239978428445255,1.8910336897852844,14.589110113910184,-1.053634105494781
114,2.8729383038692244,POINT (287.5041594364082 134.9090297970531),0.9709359105559408,0.9562869153751219,0.9339681816357724,2.2397236210491283,-3.031138016486097
115,150.82926095313425,POINT (84.46588292010685 133.26487717665339),6.918586033131573,6.928956984076134,8.360261453830413,1.4104744621431105,-2.5637457795036704
116,22.736948292935164,POINT (146.94629181674892 126.19626782229632),2.692566621597296,2.6902407742228065,2.7156958082041514,2.029879453046916,-2.483273846897182
117,242.09865169620355,POINT (116.36994674236222 131.1039486232177),9.26290443544908,8.778518910765513,8.634976296768796,2.3089796426583393,2.359596517585333
118,81.57858392703281,POINT (61.90794729270465 126.68518567080955),6.167517790008143,5.095809039284011,3.309047411957399,5.02186114299852,-1.1009798626093072
119,54.87526558771105,POINT (256.6652730913814 124.1367125777406),5.262562633159247,4.179394638405135,2.4680104494829425,5.833950754850129,-1.1246168862829173
120,241.64841509634343,POINT (134.73207148167089 122.46084298784696),9.052167433530702,8.770352302263033,12.213039724409906,1.2140584215301766,-1.0905046610834452
121,2.3798220278319695,POINT (100.49070422754093 112.8166599019959),0.8914091358977275,0.8703567537607048,1.0490755313620663,1.4871305072523815,-0.9904363875878766
122,31.709520533004355,POINT (281.4880526356797 103.02268564365573),3.148205313671195,3.1770196524106034,4.381497830316421,1.0869637972914448,-0.9655688467766614
123,2.476301299230563,POINT (242.60428241720965 100.52616942303004),1.0599561465184622,0.8878238477957513,0.6330522915507837,4.639700650076906,-1.061769093462995
124,2.7978988705592074,POINT (234.5622010064308 86.16134054039627),1.0785215220156545,0.94371546084689,0.7507469614948842,3.6151059084963357,-1.0503612881136182
125,55.0253444543311,POINT (133.03775378693604 86.57653197055672),4.215678637279661,4.185105868491502,5.5323483435380325,1.2181298469991546,-2.684940256589225
126,32.67431324699029,POINT (100.62401820757376 81.51200585416339),3.1669280162133706,3.2249894466157563,2.7406188617396374,2.68690702674568,-2.4712098011616526
127,7.911300254684656,POINT (211.67968932577577 78.64793139106533),1.619286819358858,1.5868979436732746,1.6991091490144075,1.7846993369082673,-2.820692604762222
128,50.383619508154304,POINT (205.08772735663555 73.44418392775547),4.259117137422507,4.0046977652711835,3.6927218121298266,2.4072125147440837,-2.203966132864709
129,456.5291923390992,POINT (80.51236404329042 83.77700352023972),10.750356012101411,12.054781427012127,14.299653222462778,1.775320128143949,-1.541751577368005
130,39.13842443069602,POINT (214.16989267514822 68.62047972550332),3.566628690749668,3.529610095456401,4.494116777559322,1.2744946490387061,2.4476786798479466
131,26.74619801549894,POINT (195.61280203509426 61.01352341403224),2.9565591701717113,2.917803839561974,3.4626725935551597,1.427906637176789,-2.729577018318552
132,31.816719723447225,POINT (76.0154483680917 48.14361228485592),3.2342768382889258,3.182385337119321,3.338072370925037,1.9601440669420163,-2.5182343520450075
133,5.906675393402771,POINT (97.84685421931117 36.21647254232919),1.3438874424221354,1.3711867750961695,1.2158742376940366,2.5312519324781504,-2.704082970998821
134,5.413559117365516,POINT (123.77298324403196 28.456607703407215),1.4186866075661946,1.3127030839065776,1.5548608786573956,1.7521620306408623,2.702490635517147
135,42.68671763435541,POINT (272.370328161306 30.219180174415172),3.6216965122860576,3.6861367624860697,3.6825409782484217,2.2104094852301204,3.100903305792051
136,82.961453483746,POINT (149.58431139882168 16.58361266886698),5.188359317757869,5.13881803686928,5.0945594216718435,2.0964371336421768,-2.890351681294833
137,20.882402298273313,POINT (167.74178670710853 9.818341355885565),2.604533391860622,2.578192215256168,2.8363211983334944,1.7825219408012962,-1.183975307746108
138,5.778036364871313,POINT (114.93437957365572 1.4476637701488384),1.342025899477655,1.3561733287703277,1.4341490575905596,2.010568460506642,-0.8958495608412239
139,20.31424658892605,POINT (50.447206059200475 297.5579248791636),2.681806257839761,2.5428774094774034,2.5253875354098203,2.059275004132451,2.783277984869262
140,20.775203107830425,POINT (128.94557632453603 296.38977637734763),2.8398131737633907,2.571566164168956,2.485992502379037,2.0647991123105847,-1.5628044770441765
141,42.53663876773539,POINT (94.44613929925819 291.31221255628515),3.711142997441175,3.6796511580309987,3.673193074229194,2.0164747009730792,-2.680399126259473
142,2.358382189743393,POINT (45.202040278505194 279.6821749400009),0.9040461517770877,0.8664273578293211,0.9348625879214724,1.9756754077608059,-1.150224527575351
143,2.0903842136361894,POINT (181.83169201933416 279.11645920108526),0.8266654453905623,0.8157143869780208,0.820667954696557,2.306758256188709,-1.0518700527540963
144,378.07010485395455,POINT (74.21037022504277 289.3292808493243),10.492624687735868,10.970116318688516,15.584073259367905,1.1350684152096748,-3.007382152207042
145,1.6187077756875108,POINT (180.3012943011246 276.6621721169806),0.840317963773885,0.7178096459674448,0.6069769125840314,3.1047590664755993,-1.0069658514079134
146,187.8344214940169,POINT (204.3633770445239 282.51092675219064),7.911426309775628,7.73237048563755,8.104823036074047,1.8262146354665603,-2.62006240231369
147,23.883979630674,POINT (189.35234091394796 270.2221170537162),2.7844320730181567,2.7572643757637416,3.4104934092028514,1.332332606751736,-1.617378469103921
148,15.25444480002204,POINT (38.25518584351932 266.9729971408175),2.6843209944551543,2.20355181198263,1.2111668401750038,6.639410614989392,-1.1131557965099141
149,14.536210224054733,POINT (294.09254920330983 263.7377865600199),2.2907632357954792,2.151050771591065,1.599725481669438,3.556647923442963,-0.9596702832287003
150,35.793809688878156,POINT (70.82739643844955 257.2159465143302),3.4765314869958606,3.375429378338565,3.100008542863193,2.474355149791364,-2.636018412574875
151,10.451921068180948,POINT (32.16155639706514 253.5081673941246),1.869936848331386,1.8239928195074238,2.0904773564612844,1.6259652978968813,2.4227133797290814
152,80.46371234642682,POINT (159.88556740329554 256.7202168336961),5.7564346769875465,5.060869008274803,3.342248483600721,4.7643501430591275,-1.086878611994447
153,20.20704739848316,POINT (87.5396776765822 248.2400133894198),2.6374436582395484,2.5361590954673243,2.4958088626041324,2.2360324030193173,-2.7409345328801917
154,35.50437187468237,POINT (164.9679736142375 249.60296067216652),4.064426439888421,3.3617543887763612,2.1087145735092077,5.1630967829027625,-1.1577688588374258
155,3.5054135274822253,POINT (16.908405366476156 237.40188030183137),1.1673047113541843,1.0563180302162731,1.1641023446012064,2.006631267679755,-1.2042320762306424
156,12.285027224754218,POINT (116.74807290896692 237.92973662358924),1.9948523132446532,1.9774846693909627,2.688813005604205,1.1453069950928663,-0.9938676367177103
157,95.82535633689179,POINT (264.4326416437013 240.38871119589535),5.526677027527277,5.522875905641662,6.189513114070852,1.643044581741331,-3.098982113524259
158,1.3185500424474426,POINT (110.91559440212522 235.5080950112362),0.6625139590609632,0.6478483726452339,0.8304089462855226,1.545969630489442,-2.294779430879654
159,4.395166808158143,POINT (114.75577856404024 233.92414205604933),1.1625972844001462,1.1828038918026915,1.1441832695800302,2.322602598419681,-2.7337761437086163
160,136.08937226723808,POINT (295.88016421530796 229.7001689910349),7.775303043995861,6.581686151527439,4.296037599414727,4.722464035199068,-1.3632412103824296
161,55.35766194470403,POINT (164.09799107550234 217.76180277568574),4.174018289897899,4.1977245113298585,5.242230460949018,1.265811565062093,-2.472052708065091
162,2.5191809754077155,POINT (1.419165530991047 207.19775213890884),0.910130396127968,0.8954776432487863,0.9913042708716989,1.8065396865964019,-1.1622416101929531
163,211.91135966748817,POINT (145.61091799505328 223.83206715087587),11.449146412980658,8.213006804868147,6.68789590907437,3.927030137169613,-1.0782988910600841
164,19.53169249869301,POINT (156.2088961447829 200.4233518046716),2.451878567968312,2.493417497379003,2.3211484828793405,2.332633277893364,-2.385796034327585
165,203.7320614366966,POINT (117.12430667707837 225.57238666258255),16.69752765729801,8.05294537966724,2.514936348396874,20.887906938709644,-1.055245618272591
166,2.776459032470631,POINT (3.9707713432063474 197.82793269896146),0.960627860346798,0.940092739371858,0.9562562188794372,2.0346465649783454,2.404548218407892
167,2.6585399229834614,POINT (0.6959051835921504 197.54693509998822),1.0966044684546696,0.9199127895077496,0.7887863003984413,3.313098728279009,-1.126279428180066
168,111.84091538905822,POINT (112.76602497607476 200.0853046132657),5.967732294741478,5.966579342318519,7.84037323358596,1.1789329663949675,-2.6692596107879822
169,1.5758280995103582,POINT (45.33749332476637 194.57158270883724),0.7708221473571338,0.7082384224259237,0.8367757708365193,1.6497217593697584,-1.39229985869171
170,50.81241626992585,POINT (201.9479245409746 198.26705220896864),5.038732534807012,4.021702927815963,2.9651983377790025,3.8070271215563745,-2.6984885331953983
171,7.621862440488875,POINT (278.2979197400281 187.06983933012032),1.8580249126323067,1.5575988462824832,1.0993734940439064,4.3585927441079,-1.1221690315253068
172,7.321704707248806,POINT (246.1521769560884 185.0539212755281),2.068628345319428,1.5266207754500434,0.9942259083218805,5.8648829977058385,-0.9768985014857888
173,5.359959522144075,POINT (266.7664163384439 182.3467347641588),1.36581171017687,1.3061883881903886,1.2596130751844952,2.402340870854002,-1.254020481483997
174,625.7645542912758,POINT (26.931630950535343 197.9473553790399),20.584646105386042,14.113364023304525,14.579709612705681,3.7150890352341093,-2.799812244387187
175,82.21105915064582,POINT (163.73580231218423 180.28740351726128),5.095424664984191,5.1155246926675035,6.134499372936005,1.3922157526656929,-1.2482671439512947
176,6.614190050325789,POINT (262.39294876068874 175.34003161987957),1.4881096159112146,1.4509865892271927,1.908912192786841,1.251717407387378,-1.7555047048457395
177,100.45636136402426,POINT (235.50150190841907 178.33059573852518),5.668270875319535,5.654754897625565,6.515115179888016,1.559937946984805,-2.667931872940972
178,2.336942351654817,POINT (120.28667220555316 169.34391431114),0.8952684302816072,0.8624800600438974,1.0544964626911049,1.5934909959864314,2.6370543227715393
179,77.23701671409617,POINT (11.98370071308303 173.90770948514762),5.310065628462838,4.958357187561168,5.35428616170888,1.992615015139592,-0.9783557710745157
180,3.8913306130765988,POINT (15.826510195315045 167.87298371911706),1.1364908234326854,1.1129460923835945,1.3192611513237527,1.6114821607284653,-1.3882632420301788
181,3.258855389463598,POINT (117.5212261176815 165.62920925815246),1.1269489619831097,1.0184919676215374,0.8700864156664365,3.0742977981559143,-1.340778527910137
182,4.888283084195397,POINT (131.7525617011676 166.04305898012552),1.4962541583702929,1.2473928138980062,0.828460742546361,4.7922035690810665,-1.0643897650169922
183,55.02534445433109,POINT (263.0278565506247 164.6061216970704),4.467285155632165,4.185105868491502,4.316696678773562,2.0172082604520183,2.8856035913908755
184,147.07728928763345,POINT (87.2306408808591 166.0567086834558),8.042373942640362,6.842233203667284,6.417823560079245,2.887983315971893,-1.2868928087303055
185,14.965006985826259,POINT (96.63702029790356 158.98668013935787),2.223699959458839,2.182546602113684,2.42868403111835,1.7393621901894551,-2.8729672378883215
186,28.246986681699276,POINT (167.304330419329 152.46902853146446),3.0880089526171384,2.9985488349678,3.0819905731592505,1.95249351328263,-2.6384966602608815
187,2.6585399229834614,POINT (293.9063831415147 146.4337227551206),1.0382284501131727,0.9199127895077496,0.6531957866465439,4.263281748567309,-1.0432273657692344
188,111.39067878919818,POINT (86.0725300295752 149.571896830338),6.011736878341277,5.954557438410084,7.3112977329812505,1.368177112663784,-2.9767853615452626
189,8.83321329249344,POINT (202.60746095770776 140.28880668818528),1.737575314900336,1.6768121891764545,2.077620694561002,1.4795173856840134,-1.9250093962857628
190,22.822707645289473,POINT (244.29398502699925 139.56618365848388),2.6944691352292494,2.6953095319421148,3.309815755155901,1.3598303792578599,-2.7139508826859795
191,5.0169221127268555,POINT (89.33981199002164 137.8997437217169),1.3883941885716125,1.2636992944110668,1.4127626546816203,1.8847638456026548,-1.7061916830161221
192,9.229850297132096,POINT (140.42607798663585 133.44519785420405),1.7202402092336784,1.7140456812971887,2.1825067709302,1.2763751699741028,-1.3514609892599772
193,82.12529979829148,POINT (70.3382877831616 143.33466869793014),7.726794431083171,5.1128558391180805,2.3681173172473398,9.569044130206972,-1.0522354885187037
194,352.6638967189914,POINT (12.773858229997774 138.20807390948704),10.990490987527787,10.595112308312464,9.308645242537594,2.753359185461445,-2.59358397435958
195,166.88769968147793,POINT (81.37717393354603 133.23688490446048),7.947441390975345,7.288484389163901,9.405113881925995,1.6547119507943022,-2.622320144793487
196,20.271366912748892,POINT (252.28916831212902 123.3701132765874),2.7085216506092276,2.540192216110222,2.385548495281583,2.3443519036295974,-3.0410070054576215
197,16.701633871000936,POINT (133.2505438518884 121.78264618002177),2.534348452532673,2.305709256728101,1.793213472371676,3.4590592599439485,-0.9979818465487704
198,7.825540902330351,POINT (190.40288692373932 115.9803071612773),1.6833162274675724,1.5782734344679863,1.161813158548816,3.8501770732160807,-1.0828338974497358
199,138.1797564808743,POINT (290.7760679370423 127.84644131308569),8.434410293877525,6.632042110717558,3.9345453893813582,5.817346490824952,-0.9912538016468575
200,439.9454775775857,POINT (117.39805651509621 142.2059928809951),16.401862858668142,11.833807286532714,16.096583938807793,2.2158002688973086,-1.5861102109224943
201,98.00149990288227,POINT (180.29079443140023 109.87915230594737),5.6543938518214345,5.585234666504822,6.831930927411838,1.502575355647524,-1.1417450080654354
202,411.76281041015267,POINT (62.528640529941924 111.9724014408247),15.18380246573982,11.448500920049467,6.285129592981729,6.492736507076853,-2.7712434382780367
203,1.0076723901630862,POINT (277.4917229734203 100.3665515913608),0.6737591459505947,0.5663497892851734,0.6982941652705371,1.7659583711202933,-1.002555617256546
204,12.209987791444204,POINT (93.1481787479949 100.62507544961593),1.827742596777441,1.9714359802438624,2.5264931726033804,1.4190228830548686,-2.438911527689542
205,40.306895606523454,POINT (62.251933306051384 101.98739990128321),3.7451771597940313,3.5819105729951457,3.3193389297916593,2.301801816327522,-2.650725469435561
206,30.626808709531247,POINT (40.95791792448142 100.72729931473941),3.260203891280369,3.1223094008287555,3.09758904036463,2.0957266793483056,2.423085726776319
207,2.2404630802562235,POINT (275.5811496006245 97.79851345026323),0.8748316910738194,0.8444889271478601,1.1489105006278533,1.1966902122405019,-1.2224617138094669
208,59.04531409593916,POINT (261.61507084167096 101.58748941535788),4.139062002142943,4.335286289227572,5.901686008969768,1.2178317402087555,-1.8958207268795597
209,16.39075621871659,POINT (178.6631192490312 97.96982723534929),2.381225285014516,2.284149676892024,2.6271160381069376,1.8463418350668228,2.4332102588618483
210,10.451921068180948,POINT (263.6285084099953 95.20335103025802),1.8550810395175001,1.8239928195074238,2.0367009739863016,1.7658444810401888,2.49443320116137
211,67.41757086952818,POINT (218.27937831826426 93.35934331313209),4.758088858873072,4.632459315554445,5.889296078999555,1.419112242101131,-2.476913587147275
212,16.122758242609386,POINT (228.12273312241174 86.78450737146547),2.4102248900897356,2.2653991571406937,2.2067754918327314,2.6732054636610214,-2.6382488987009816
213,19.038576222655752,POINT (260.78303680377644 85.3720942568202),2.6334047752852316,2.461740650542818,1.9096592634245506,3.484207849491246,-1.0499222907055417
214,5.424279036409804,POINT (83.4841527736234 82.58747770616658),1.4762243461468474,1.314002147147685,0.9672359908428797,4.051416709917206,-1.0589846986195544
215,17.591387151676862,POINT (264.0829860171227 84.60240922504126),2.8965389225454907,2.3663288955817743,1.5398328888887467,4.9008141112211865,-1.088121660574055
216,91.86970620954945,POINT (49.3648425668791 84.8521896790387),5.490719835478434,5.407683027628374,6.5702734715320625,1.376779595772581,-1.9810347620544604
217,1.8331061565732738,POINT (59.07802450343182 78.55805703927898),0.7642549990410771,0.7638689757161531,0.9568142021362273,1.4250834205356677,2.7863547309532595
218,9.422808839929287,POINT (68.79682914558398 79.59091110085056),1.7691850416627048,1.731869859247371,1.6328969008391072,2.371278845093947,-0.947965599084201
219,44.14462662437862,POINT (123.08964837572998 81.34551352771983),3.7831787577956,3.7485558654543074,4.6739529900374,1.4466228323445744,-1.7279539779785327
220,30.18729202871543,POINT (215.17964693916625 79.315634960732),3.115433589286055,3.0998247514750346,3.1369610781290262,2.0006759535193472,-1.2180027368145525
221,3.055176927622123,POINT (259.05671787146935 75.76293824461469),0.989131703241622,0.9861506072110595,1.0996141621668438,1.9055718213487771,-1.0633086795155064
222,2.4655813801862747,POINT (107.64163627235786 71.0389471778403),1.178517050451248,0.8859000668833741,0.6102434057861699,5.274925777540191,-1.1339334376863102
223,1.3399898805360189,POINT (154.3889266490936 66.84329881906508),0.7175157558610483,0.6530941940951943,0.8420741434980248,1.4780548899830837,3.1301208440072257
224,44.31614532908721,POINT (177.08942223046498 65.17697684752315),3.6864695146132105,3.7558310898928986,3.560372196524157,2.2945584969406623,-1.0595911566088045
225,9.937364954055116,POINT (35.83516130774023 61.66503345197971),1.7607288319684595,1.778527904614396,2.2691480480195674,1.3005765639614044,-2.4297134817664805
226,22.99422634999807,POINT (253.7206646245399 63.080763532495745),2.7952640407243594,2.705418557700861,2.4506648649885725,2.8384310885556125,-0.7985837081542346
227,8.843933211537724,POINT (40.23741138147586 59.26962520440421),1.6833972227367697,1.6778293637857276,2.2734057086136805,1.1516200647786372,-2.687990537579648
228,54.639427368736655,POINT (245.1101242115923 61.092790018384775),5.036929161444101,4.170404045999627,2.6903819248352283,4.989729206534478,-0.8640317272884412
229,1.8652659137061383,POINT (182.52473299171044 47.63588069807525),0.8544489084298817,0.7705404471501189,0.8946304347703178,2.147650236471996,-2.285242965244891
230,155.66394444210826,POINT (138.10866282999245 53.16132601109649),7.215026400468759,7.03913151164882,7.608964996929603,1.7488234335268187,-2.439723281423227
231,326.66809303659346,POINT (100.72954527063425 78.45810480845208),17.33992112542022,10.19714094804784,7.20185363758044,5.764232846372101,-0.9657551203622822
232,131.49052699723848,POINT (110.67131595714928 43.03599936374292),6.540846970927359,6.469523528262157,7.076975197873361,1.7288524987055036,-0.862569486080006
233,2.3155025135662406,POINT (203.38516352836174 35.366017764227266),0.8896631036490101,0.8585146134758286,1.1146619381355394,1.330491496013749,-1.8298874099242937
234,3.398214337039344,POINT (227.6968394375938 30.83315311010327),1.241888669007717,1.040040969794517,0.7277332415844832,4.957961111336353,-1.0932813159402412
235,179.3978452061623,POINT (185.9964104680721 36.61230603948367),7.475528852829445,7.556725990082664,9.291029480413648,1.4331632412339137,-0.9282648613596651
236,56.729811582372896,POINT (131.3375623875318 19.424400211692706),4.350643482147136,4.249430534555543,4.603227385785221,1.8754019091064436,-1.1911600614682545
237,153.6593195808265,POINT (231.84121544380295 24.969467958718944),7.853607788982797,6.993660023682278,4.868122295448636,4.201334430870653,-1.162971638864484
238,2.5084610563634273,POINT (75.15821735930238 10.94338285795644),0.9701490682415906,0.8935703404587206,0.7077291913163977,3.62253484542148,-1.2156381089066444
239,64.769750865589,POINT (220.332849197975 15.40602743380493),5.761174287714366,4.5405783801381645,2.7058580878813348,5.692742923047585,-1.1495567577272245
240,72.45593282034362,POINT (175.8640409520232 13.47713506765436),5.016643381220325,4.802441017793343,5.696291963810105,1.735755180389796,-2.658086051337185
241,3.8806106940323106,POINT (0.544301680026792 8.149963748471514),1.459230783622132,1.1114120515546995,0.889023340947166,3.692427974084446,-1.5176606672390456
242,54.682307044913856,POINT (297.22884150773996 11.733819417569293),4.790850370107702,4.172040140235185,3.070008202086633,3.3363197296143947,-1.502885388445794
243,106.45951602882562,POINT (150.1930397652437 9.874662870139273),5.924497369083272,5.8212641608431515,7.1309963254805435,1.3967732824674928,2.9696189828655157
244,241.20889841552747,POINT (81.59418168898928 30.846845491106745),17.11694393656811,8.762372795148815,3.887976236426447,11.70729897632786,-1.0687456818104342
245,10.687759287155288,POINT (108.52707300621384 4.326273146310564),2.040492776518096,1.8444564083366546,1.4640072791891254,3.149836661995417,-2.6642444819902145
246,18.39538107999846,POINT (98.67418615245599 4.317132169567484),2.5407171468801337,2.4197999210434253,2.4275739391212774,2.088397267822439,2.47551633930281
247,39.36354273062609,POINT (224.73355135914088 5.027591915586089),3.684903380215951,3.53974643249716,3.625988387650828,2.3192610329048837,-1.0117152655684338
248,77.31205614740615,POINT (123.85296721117601 5.324729830278698),4.985164470409999,4.960765242673321,4.9703599996527865,2.0996444362727136,2.3999184700312566
249,10.677039368110997,POINT (49.58155132713448 0.9136276861510603),2.3713264606877944,1.8435311730598058,1.3479558974729133,4.092614114043483,3.1132415449474125
250,5.1134013841254475,POINT (258.73470467466484 299.0797477852499),1.6334188943177992,1.2757923861635987,1.034223531279732,3.7314973880975484,-3.039241801204687
251,6.421231507528603,POINT (55.204833103738785 289.46432622695016),1.4091805467288703,1.4296648104787362,1.5324277050623445,1.9189496288174297,-3.1110921559950317
252,1.9403053470161553,POINT (280.2467376301631 284.0216592148523),0.8161568159026645,0.7858869983467807,0.9558436253819206,1.3932861974287232,-1.1746602078411517
253,2.6692598420277496,POINT (277.05421456000414 280.3619740973993),0.9428491484447213,0.9217655865299029,1.1071233920258612,1.4944017897173933,-2.177380404802323
254,2.047504537459037,POINT (274.4339045641934 279.9933974499478),0.8247092795956479,0.807304735697358,1.1452521103031537,1.1237757664175834,-1.4314807145390376
255,14.311091924124685,POINT (252.67721993043628 260.15669991795943),2.5098309353610797,2.134329412610409,1.9996577320396782,2.786206969412577,-2.633970876436861
256,2.283342756433376,POINT (251.15798772962444 253.63802125056583),0.9059290135821488,0.85253186035414,0.905005369126111,1.845535727679502,-1.2965155736479101
257,2.0796642945919013,POINT (286.852671790676 249.48826552374464),0.8270356859586957,0.8136201232221592,1.025441656366563,1.3592795997966487,-1.6494275308516546
258,66.48493791267514,POINT (227.62304933286995 231.38591107113905),4.502992139289699,4.600305752873391,4.868602602635086,2.2262346264905055,-2.988367255702882
259,66.1204606651693,POINT (133.94086269122556 221.38886504980758),4.574665854694533,4.587678749514819,4.552482667430773,2.1652316224647987,-2.0921756942800958
260,5.188440817435465,POINT (48.94285789089015 199.04014435127255),1.2744684497781193,1.2851194520624207,1.4919220466878904,1.5978041176443631,-1.331734803246744
261,103.16850088222915,POINT (2.6050621197123074 204.80341426922902),7.093593831351801,5.730580579101447,3.453834634492145,4.908067000420311,-1.5280650994469787
262,237.5534060214254,POINT (38.2657855323035 174.00750026907698),8.852585334262113,8.69572295058046,9.419623117480004,1.703296084002369,-2.796151559689917
263,1.8009463994404094,POINT (62.670996366866994 134.88247081016502),0.8068320027385696,0.7571387213905946,0.9182766828277676,1.5805535379590785,2.9730880689097052
264,52.06664679810754,POINT (220.4312722023461 138.32835307238724),4.050230579901564,4.0710353002985915,5.5058175787086725,1.1014408496531591,-1.501424550045906
265,3.2266956323307334,POINT (272.05257216165234 133.683996715914),1.095935613782534,1.0134540539545591,1.0291300990117354,2.1940218406610765,-1.499535181104801
266,37.19811908367987,POINT (113.90689695544475 126.38649636260541),3.7734629088704645,3.4410069822331417,2.8399884966721456,3.2510174101095832,2.6706270555716487
267,21.00032140776048,POINT (108.08507572072634 117.09965014486609),2.6961202821406856,2.585461258098303,2.438118793365502,2.817237588378242,-1.7864247454853865
268,21.697116145639217,POINT (137.27882110227353 115.9966782254016),2.721359775410104,2.62800429429537,2.4873612518496775,2.327280217487253,-1.3683399907730946
269,36.897961350439815,POINT (115.87388555684767 112.09990024904327),3.469117422191735,3.4270958372756963,3.668083538417596,1.7757714996833704,-2.8335839196462786
270,67.1388529743767,POINT (74.18058335247667 110.99223866529603),4.612441452824119,4.622873635390016,5.580038275308407,1.4022047794390102,2.544426124997587
271,3.1623761180650045,POINT (251.64191889439599 101.58927836892968),1.008681093041768,1.0033023383863955,1.1874074362555969,1.5718414743757356,-2.8743660063615843
272,21.911514526524982,POINT (75.58654143308414 87.38390007788598),2.643992527822833,2.640956587120024,3.256283796149034,1.361611139296528,-2.6432706458384048
273,81.4285050604128,POINT (137.0496290442763 86.77958855863905),5.1343187952337965,5.091119540719529,5.441441864248623,1.7739309709268023,2.508753839627616
274,11.963429653425578,POINT (127.19574059332349 67.85945858849097),2.0347267033232868,1.9514297146834887,2.3212146489231102,1.9376670741676305,-1.9738158573058804
275,130.97597088311258,POINT (135.6645502333025 49.945937284694566),6.585086094667732,6.45685266864709,7.685558889222185,1.5322163569179434,-0.9162097859106254
276,20.056968531863127,POINT (19.617591040886886 20.31942206603648),2.559494980981883,2.5267234456048455,2.475645215264671,2.107608563959576,-2.9808624906821164
277,214.03390363825727,POINT (70.10928155827071 14.171240636091676),8.403206999576094,8.254035831432168,9.450751358077103,1.5503062020378064,-0.8206023662217882
278,176.54634674038158,POINT (47.011141957361694 284.74352065688373),7.966327210893792,7.496428985663434,7.121639592654113,2.271042938125156,2.5495592841335104
279,33.746305151419094,POINT (237.334350798956 275.52198120138445),3.3273761544077827,3.277465873486966,4.0082928224644,1.3782475689494722,-1.0665040251773799
280,2.2190232421676472,POINT (170.79510089812644 265.8362060693151),0.8628058743885875,0.8404385971940901,1.1831525744549432,1.1375834706939967,-0.9270375773152828
281,101.9785898683131,POINT (161.69487025794962 261.98156913939863),5.859895886436596,5.697437435739528,5.4970752532425,2.1706214730696463,-3.1001266085021966
282,15.715401318926428,POINT (271.64137405586024 235.7325615478325),2.3729543864635496,2.236597327450801,2.4116074330047583,1.7500811739672244,-2.9954293975315887
283,29.89785421451965,POINT (273.42634405555276 217.5893644664867),3.074849338118483,3.084928292872189,4.109750986891766,1.211177900836476,-2.778402142816238
284,1.2327906900931374,POINT (0.3849452301211979 201.44094764901246),0.8029756706582183,0.6264259447468498,0.5916509338419248,2.8317378342634307,-1.5913542727748426
285,8.640254749696249,POINT (285.8038141187974 200.07492028505865),1.6627381293728443,1.6583963657626515,1.834478415686693,1.7807065604635193,-1.02600141941523
286,69.82955265449301,POINT (68.81575044098811 197.99057179036086),4.774356890956489,4.714598281690254,6.08067573758496,1.269361170555194,-1.8456749368375014
287,14.997166742959124,POINT (86.92953556288218 179.12424627255334),2.4137315202101437,2.184890486736269,1.5229503091089782,4.29916961563695,-1.1686891140631677
288,5.370679441188363,POINT (275.6665242642104 160.6813177738243),1.348046630927183,1.3074939241366639,1.353255641098784,1.9582232644487636,-1.958724263650263
289,26.017243520487348,POINT (266.9591399761917 151.82764378499482),2.8770501199617526,2.8777675069091826,3.4760737096058967,1.5357496253792313,2.3702205210157934
290,211.73984096277943,POINT (15.2262612266829 108.2636412736111),8.834537660458302,8.209682373724105,7.246859082318113,2.800909797955887,-1.3488581505661952
291,115.09977077852182,POINT (80.01103375402863 72.24725225654693),6.212760260245621,6.0528831920244155,7.365805745840954,1.4508064826748361,2.476315530436311
292,166.72690089581369,POINT (167.91276062812958 73.89914934341634),7.842856291261022,7.284972261300835,6.702198586551299,2.4317214979202295,-2.592501879382347
293,3.9449302082980395,POINT (174.3106646136907 65.05128752343033),1.1454645025429204,1.1205847962587867,1.4647260509596576,1.277736519905541,-2.3514512629292486
294,195.75644166774663,POINT (166.70493149515377 96.19851090080988),21.931668275232706,7.893745034329668,2.0420567059869636,33.4527525349394,-1.0592815556115298
295,128.27455128395204,POINT (106.78939387417944 53.64959813183703),8.737289348865884,6.38991845170747,3.4366978930539007,7.1190712909416565,-1.0385331700988343
296,7.118026245407335,POINT (133.20854846886303 36.677466831383214),2.3551106120618464,1.505236899637012,0.7603629956124783,9.420037039305273,-1.077892202968494
297,32.3848754327945,POINT (110.58256345017584 19.9117042108882),3.336464921999463,3.2106737631047255,2.7068774927598045,2.901096136808698,-2.6251951803304534
298,8.072099040348977,POINT (6.307617959708649 2.1919447200627595),1.635136199312318,1.6029438314544178,1.6364776259588387,2.286843381098172,-1.4974021613308912
299,1.8867057517947146,POINT (1.497512954202565 299.0322608460079),0.8973290681357561,0.7749561878687588,1.0578212728760361,1.5374413408923824,3.1212424145632687
300,196.94635268166192,POINT (48.847275441128424 259.3883975747753),8.334407280966005,7.9176998621072086,7.2334628822540505,2.586420035300208,-2.572390739190602
301,2.701419599160614,POINT (58.81265996278279 250.08357169041557),0.9924654741108834,0.9273017659551159,1.4285912365748956,1.0613532620201416,-2.081350305706375
302,198.96169746198814,POINT (192.48278549271157 245.4895821462417),8.55123289378892,7.958107518377672,7.170354402364996,2.664721486960335,-1.3732165600777826
303,14.965006985826259,POINT (61.70232677169379 216.0519833962692),2.2466772285403547,2.182546602113684,2.378749795297472,1.6833853545446458,-1.9312481339844412
304,32.9315913040532,POINT (297.5247760269946 209.4121537412672),3.4129110683165447,3.237661359661366,2.9583292362024833,2.4266233861746764,-1.7570433734503879
305,224.8610218729882,POINT (255.61758640424443 206.79925807644454),8.794466056609034,8.460229682435445,8.466371449013693,1.9878777514084236,-0.8680992499633695
306,11.448873539299745,POINT (56.16812344526083 189.99590184358178),1.9515045117314642,1.9090022611896287,2.135662045313919,1.842268426156346,-2.69886160462365
307,26.113722791885934,POINT (298.47005643271075 191.0340054150677),3.8856738682861867,2.883098355887338,1.9211500732990583,5.779015960941717,-1.5968247782553373
308,41.0787297777122,POINT (67.02639644995863 178.05249087702265),3.6738122146526067,3.616042837151997,3.792409888848894,1.8230199554006914,-1.9952009656074872
309,130.6972529879611,POINT (279.29025074671426 179.66168487779902),7.319414626275459,6.449978893231511,4.720901592639115,3.8145580675645214,-1.054325651262187
310,9.647927139859336,POINT (56.261327510409885 166.74880449798374),1.8966658794099254,1.7524356164487556,2.069732050383714,1.6616170673394197,-2.4381070978757196
311,10.634159691933846,POINT (26.614830768637116 158.02794395867852),2.2454352484635094,1.8398255790154991,1.3433268454024605,4.399828712429976,-0.9386927758146906
312,24.012618659205458,POINT (183.4829252572996 139.08871794577155),2.8143834402132972,2.7646797124416524,3.0932360789763655,1.7229881262976443,-1.134454587636329
313,28.386345629275013,POINT (212.4050389939745 104.72493986951983),3.0904750018245153,3.005936533998726,3.087725568046126,2.094976750539682,-2.513112131316473
314,33.31750838964758,POINT (95.02714824216251 97.88928459832108),3.2827636661874777,3.25657677683733,4.146692193735706,1.269171336016222,-2.364037935946695
315,118.3479062489412,POINT (162.44105139238678 94.6088847244563),6.169961804444289,6.137695705082682,8.20529945937414,1.1914668466735128,-1.2320470492829678
316,332.96068551558994,POINT (26.939244275797762 86.15830880103387),10.2788704166575,10.29488600763235,11.569893695147584,1.613215058959696,-2.6452048744378738
317,73.23848691057664,POINT (216.14941695507008 68.08057844293342),5.651785357518943,4.828305544679075,3.2991854631457125,4.047431673365063,-0.8464685661715103
318,113.84554025034015,POINT (10.3912696509038 48.30533876542544),6.153570244413905,6.019814030318373,6.351867421954557,1.8391032598504173,-0.8399018971635557
319,190.51440125508898,POINT (39.637450316133105 33.267649556974426),7.630710728622495,7.787336988976424,8.818119337037245,1.622125155223138,-2.7748337698545718
320,4.202208265360955,POINT (186.77660709011312 20.572998223256096),1.3189232690400292,1.1565485007848266,1.6724297661131533,1.5743450060258541,-1.5331510726076527
321,11.577512567831203,POINT (86.95458309032298 2.113559792218385),1.9929700137458335,1.9196970354089096,2.5523498089046375,1.3289774375567927,-2.0999350895330484
322,79.14516230397939,POINT (280.68565713784074 295.83722578497094),5.108417838952577,5.019231774383139,5.109838348796579,1.6537037856934063,2.9598061985656114
323,171.4865449514776,POINT (141.07907270147052 293.2295167411505),7.525693431711862,7.388224590898434,9.510133213008766,1.3300706590016713,3.122191407288794
324,1.7473468042189686,POINT (88.95032315513839 281.9724136110098),0.7661921481519333,0.7457866735029195,0.8737147338683389,1.5166607436018333,2.5220947822583013
325,18.15954286102413,POINT (154.53506777860414 283.3044131523991),2.571504011865262,2.4042383453481184,2.2338395527371326,2.533716312065061,-0.877290971929737
326,57.565965267827394,POINT (45.32517738411657 283.40318075148764),4.666591703921506,4.280632646287484,3.620924590863119,3.0439346810012644,-2.586489405685697
327,11.824070705849829,POINT (41.25898855430153 269.81720464308484),1.9634831462044349,1.9400305669262412,2.2274583662811636,1.8431148423451273,-2.8982452948744326
328,130.654373311784,POINT (86.24294637696234 271.3385909977343),6.915329755034659,6.448920739029785,5.079141195596775,3.2764832792955114,2.444151688510067
329,86.67054547306967,POINT (129.49434374047786 252.1987909421334),5.377390444483177,5.2524367168981545,6.147274135990876,1.5625494059795126,-0.9405940588531431
330,11.03079669657251,POINT (67.15620586218127 240.1904443963797),1.9508108156900146,1.8738227346797056,1.854300209192106,2.1129261576442033,-0.7882599112615556
331,9.229850297132097,POINT (132.21542194741806 237.16126891967184),1.697349818053959,1.714045681297189,1.8365892263292949,2.3004986719202547,-2.6509398544817704
332,76.01494594304728,POINT (24.02465092263743 238.61415542110515),5.020245670767214,4.918974363767144,5.792745270726988,1.7115737120432815,-0.9811402945614721
333,205.59732735040234,POINT (159.5031473900014 236.68976389970695),7.178314497316085,8.08972569798248,10.148095007970305,1.3284331795991373,-2.9038488626946832
334,162.5997320637626,POINT (41.74429603104323 234.06962760654554),7.503868638760018,7.194240905525136,9.142142910760658,1.6572006457837216,3.0127157801229463
335,24.194857282958356,POINT (151.17071525729435 226.26907584428986),2.8817593596523077,2.7751508549935684,2.718854784362922,2.1693492379266837,-2.8640775282207236
336,7.332424626293095,POINT (14.89616387084736 223.39978689003235),1.5551814502594183,1.5277379514323062,1.608809218155096,1.8093858643549683,-1.0532141109372581
337,8.843933211537726,POINT (64.00357055035505 215.09539519645952),1.7205478031975567,1.6778293637857278,1.543993931235581,2.3998994777805374,2.385978298949504
338,39.40642240680325,POINT (2.6078995272954995 199.93799450699242),4.089237358781825,3.5416738742041063,3.241477643658276,2.5893309698250104,-1.2183864498400292
339,144.8797058835544,POINT (182.35966636521084 190.51717912942618),7.234868724866095,6.790923552075614,6.454312390412071,2.333722186812161,2.4231163367443864
340,12.531585362772848,POINT (248.56157553519725 181.60996759126488),2.276800643336639,1.9972299593503704,1.5983465203201024,3.2184577468483755,-0.8616692550351106
341,15.329484233332058,POINT (174.773124178723 175.55824760859247),2.2686215640729332,2.2089650023411735,2.4442190354277313,1.921241800967788,2.368655045731235
342,2.2511829993005117,POINT (180.81139384039813 173.11439910956796),0.8899034572738866,0.8465068247133217,0.872999070849786,2.039990685854689,2.479159658435443
343,5.413559117365517,POINT (177.96726426901208 173.65410186825406),1.4131540964281801,1.3127030839065779,0.9511177992654324,3.860385038838203,2.6626337221699745
344,7.857700659463216,POINT (178.00228779129733 170.582365720529),1.6316176187353966,1.5815131370241706,1.9642284359874522,1.5499935598687844,-2.561172692629345
345,88.4714918725101,POINT (95.83946939808854 174.3617871922788),5.32717905158393,5.306726911048735,6.190259870731634,1.4922905797080752,-0.8585564363640109
346,420.9176212739746,POINT (286.0428853356538 183.43745990853452),14.559923321612635,11.57506976741267,6.177926705700084,6.685439633627127,-1.0252546968300278
347,365.99947601008597,POINT (6.889830852636729 145.63611343422156),12.265968124315865,10.793574549337096,7.149205246223296,4.144804526107934,-1.3493338111428619
348,27.61451145808628,POINT (37.66696882957117 121.4677386277974),2.9552473998822126,2.9647886938607324,3.8392244764112853,1.2193129926382589,-1.2260004157694362
349,69.57227459743012,POINT (282.44244947682836 99.12691208397845),5.0164801195120505,4.70590509983525,3.708932273019894,3.22655047473227,-2.868828413552824
350,142.21044604152655,POINT (211.39214420720515 99.04781914742655),6.782270258908058,6.728074828182607,7.271708580793672,1.6815825299493292,2.637535313729689
351,42.568798524868235,POINT (297.09408238906155 94.4087844865729),3.9924132463485966,3.6810418923766033,3.0808611348008346,2.92886313670455,-1.1124205061311032
352,187.83442149401696,POINT (154.98440779719556 98.33174603060527),7.936966564143253,7.732370485637552,7.483182667546083,2.1730765162287313,-1.3776997068141483
353,39.82449924953048,POINT (81.96392764834185 88.79281962117629),3.662900552118557,3.5604117491442624,3.8759641905290323,1.6956246508763981,-0.8765178726644219
354,325.74617999878416,POINT (36.081342642921314 81.81953129418689),11.14399388176291,10.182741746711324,7.914660064640435,3.5557035621203927,-2.662959225613525
355,10.130323496852306,POINT (145.50275110022102 65.39825651197837),1.8494849180794428,1.7957121482264462,1.7269562085757069,2.321326877825456,3.0306271346088622
356,27.93610902941493,POINT (79.60894133154012 58.76797935543889),3.0173914747255726,2.9820026300409315,4.06119578845697,1.1363514897140716,-1.2458914625037463
357,51.037534569855886,POINT (51.81530841527755 52.15910580533938),4.006338755339543,4.030601917832138,4.030871784611569,2.0100223324133455,-1.0082960502032545
358,9.476408435150725,POINT (187.17775052438628 30.149877284784136),1.7157236449324715,1.7367885566251124,2.063854857476221,1.505743974308142,2.509402138511846
359,58.6379571722562,POINT (29.51123926763234 25.633979189461304),5.395808700408494,4.3203057152880815,3.740324386264729,3.3456609732459244,2.5478099280975344
360,1.1041516615616795,POINT (20.02921691565838 8.778775257392994),0.6419401447241038,0.5928426348714654,0.6754961240130535,1.8823822632830038,-0.8074528679857923
361,2.0260646993704605,POINT (21.550335352698333 7.872263905232545),0.8911647930798149,0.8030668862913023,0.8130789811384289,2.1746789138594957,2.3590748094532437
362,36.372685317269685,POINT (295.2605845825249 3.5279731980263915),3.934584456917441,3.4026144835315897,2.56998860173851,4.024451276319504,2.5683577924251733
363,55.818618463608395,POINT (176.90852928774606 4.0768644853278815),4.242834882441081,4.215165250626318,5.442238455707295,1.2776560955423522,2.450980579901423
364,109.03229659945477,POINT (76.13499319224029 8.174152569059494),6.3833564357483645,5.89118476377458,6.478781151018809,2.307102623593371,-2.2365384537850233
365,21.911514526524982,POINT (253.69853754681313 288.47870083845794),2.672302397313158,2.640956587120024,3.3828026998783005,1.2678523015708114,-1.9415071161659698
366,26.34956101086029,POINT (98.1892604469114 290.34197244722253),3.9727646734051922,2.8960880108104083,1.618570468748818,6.732417660686982,-1.0613208166679509
367,54.071271659389424,POINT (226.41796369743693 282.0437361989568),4.208635762272256,4.148664884961556,3.9361234391098625,2.2104546683705064,-1.0415941906802275
368,54.88598550675532,POINT (87.94419714242689 271.34076086727447),5.014831661408847,4.179802842209243,2.555859504496519,5.095310792661954,-1.0977616189900838
369,60.37458405743087,POINT (204.39030009053616 255.9283523429239),4.9879978700581,4.3838142045158035,3.6220461960693795,3.1735680072218657,2.570989360682942
370,68.9290794547728,POINT (79.95708515930045 256.3414993311809),5.273478867106492,4.68410156123906,4.246172754361801,2.9950172226984293,-1.1949708584752432
371,40.07105738754909,POINT (247.65917963714375 239.5377160865253),3.6730439952495697,3.5714162059741645,4.061833530326327,2.0522595076600765,-1.5870619416998217
372,37.873473983470035,POINT (253.62230917257185 231.12312923922204),3.4923717772068024,3.472103280875024,3.8579045616384047,1.703045351659772,-2.831405897811984
373,7.300264869160227,POINT (170.95949298909224 202.89608283610067),1.8307884574456492,1.5243839672516624,1.088908672346803,4.819974000646626,-2.7100959202144006
374,168.44208794289966,POINT (123.83719277941609 195.33804153179543),7.376937002336337,7.3223481098391145,8.729575193494544,1.4570941238668946,2.428311266725456
375,22.89774707859949,POINT (104.82354284669465 188.55533966639743),2.8433617564320888,2.6997368883752784,2.5508603462552224,2.369025343711677,-0.8672202906648536
376,579.6796223198817,POINT (53.679620927989454 211.06830611977364),19.93433497592861,13.583731247477782,6.44951594290405,9.467193262694,-1.086598204686859
377,14.493330547877582,POINT (21.542447496448037 165.0998842798879),2.2013618597694147,2.147875787171821,2.146849359819144,2.1246859151862925,-1.8304441332725734
378,933.3404715099913,POINT (25.26367616948093 239.9628876383719),33.82346937023954,17.23634239788334,7.5313008251741165,14.07179882879379,-1.2188854722069993
379,1.7151870470861041,POINT (4.61508533935994 161.56916848383844),0.7476059350353984,0.7388917334372404,0.9069501847584804,1.5611112007458494,-1.148354946590403
380,1.7580667232632567,POINT (1.07912920851533 158.8944845403113),0.7589270768771197,0.7480708646815736,0.8640035493739259,1.8612311872758798,-1.0849947765299746
381,78.35188829470204,POINT (68.76618520306126 161.31654798240797),6.395383127491192,4.994014481894469,3.3336221657956835,4.99331994279552,-2.760460354755446
382,1406.088901363095,POINT (42.662575725875705 228.8623265690515),43.213418586121115,21.155897479359698,7.728149061354073,17.018288854394402,-1.0716940432531337
383,5.649397336339854,POINT (25.978546154906223 145.00639473583263),1.4006599527989978,1.3409918057681596,1.3104523539119464,2.228862367682387,-0.8279864566128041
384,92.4914615141182,POINT (241.18227783990554 143.6065111406042),5.4345404017452585,5.425951214997369,7.001206456274185,1.2140273367535037,-1.0003031761608707
385,15.683241561793565,POINT (41.70557313737848 131.9889819237033),2.4805176952855255,2.2343076861809803,1.9237483645984843,2.568038652010957,-0.797940859286709
386,194.74876927758285,POINT (7.2389316244557715 128.12485671404133),9.845737874740287,7.8734019701257925,4.363144165245434,6.508090602913857,-1.1334589953359917
387,38.10931220244438,POINT (36.179740732631615 102.03020729410834),3.5527966146112173,3.4828969019628784,4.4207468672904495,1.3103376152208384,2.4218584808185857
388,94.51752621348861,POINT (91.71761194278798 83.56700885727845),5.628581687068109,5.485058159344257,6.247338459415285,1.6378779607584981,-1.356202281030307
389,70.38698844479599,POINT (56.12420950592148 76.6380377133745),5.6134946070466905,4.733378738352003,3.225024718139575,4.2424066683873765,-2.8165173242146375
390,2.336942351654817,POINT (299.2405795016147 68.8421003420692),1.0962362228326819,0.8624800600438974,0.6232591721489962,4.407168107627052,-1.3712454634488438
391,321.3510131906256,POINT (14.990977170339956 86.20493834430482),12.486566473983613,10.113812556783612,9.30254616137201,3.5948690830060834,-0.9636198789040451
392,8.543775478297658,POINT (285.6319312086444 58.54404241609455),1.9515816622672129,1.6491113364708851,1.2687964846662392,3.5643198575984094,2.6347682200002347
393,11.202315401281117,POINT (92.49345266616518 58.46071054738677),2.661977698450879,1.8883346473484826,1.109542865621741,6.778675932847342,-2.6463319066519566
394,1.1899110139159847,POINT (284.6745243657817 54.78964686286342),0.6428300236868634,0.6154351626357045,0.8322324009898107,1.2291788443053058,-0.9143393225359777
395,1490.0044276417877,POINT (273.60995952786703 49.995851534282984),28.69159088969428,21.77804260662564,12.954244491884486,6.980855444193088,-1.078760062658778
396,11.909830058204127,POINT (206.01345567551414 298.3093690040892),2.1332223351594237,1.947053324974754,2.748980913866652,1.5341458232156446,2.8255521447122764
397,9.422808839929285,POINT (1.2251931291594846 298.00506021877476),2.0776342995502923,1.7318698592473707,1.220112043633417,3.8895929931785407,-0.9574472629662447
398,10.17320317302945,POINT (213.61618384583866 297.8383368935174),2.824184877877836,1.799508584067212,1.1800873223323503,5.631172368874335,2.4435918886949777
399,1.3399898805360189,POINT (208.89555845379832 294.00235665345195),0.680519076810678,0.6530941940951943,0.9146361132671037,1.1778926281537483,3.089803481861678
400,5.27420016978977,POINT (13.083176816200337 289.4485837691804),1.4049605185468743,1.2956967452904677,1.1867318413386816,2.6605516524154162,-1.1448155029926042
401,3.8806106940323106,POINT (19.427134127248056 285.1481493155766),1.2920244765116722,1.1114120515546995,0.9754627588770772,3.0708601489383662,-2.674421832560242
402,28.90090174340085,POINT (298.1692941134315 287.53327871413586),3.612751176585415,3.0330583153890798,2.0488102208695724,4.368311813376913,-1.7225533350239244
403,11.384554025034015,POINT (86.0336348019021 275.4371513523679),1.9232871729904013,1.9036323426443966,2.2096056452233324,1.5574468089052622,2.824987123774742
404,102.8361833918562,POINT (226.18966231443474 266.27911514146365),12.571734911496884,5.721343708521379,1.9800829711030916,18.90388428061101,-1.0387893933600894
405,6.485551021794333,POINT (205.94927583573278 241.21031082686304),1.4088298234423235,1.4368072270094279,1.8394206055070261,1.3069484302492023,2.536413848608585
406,4.716764379486786,POINT (209.7155965475196 240.16480476253406),1.238413260917946,1.2253133202533126,1.6648901400518756,1.161927948591324,3.0051560530942387
407,304.15626304358756,POINT (251.89866740822464 233.38149326131872),9.986125570062587,9.839509412134909,11.56177338267177,1.5192160523009477,-2.562823830376798
408,34.22870150841206,POINT (198.16623889423622 219.3607140810015),3.526216534752705,3.300808095203595,2.770833352989109,3.224223420399282,-1.0409378412807824
409,23.787500359275413,POINT (206.42658964770493 212.02783248298547),2.7658345386436336,2.751689759394732,3.0776107535952497,1.6083183835500279,-2.97376777233832
410,1.3078301234031544,POINT (297.34689957587443 186.94358897893156),0.7164424897765902,0.645209468101787,0.700525588684395,1.7598053618756448,-0.8343126559602801
411,200.5375255614985,POINT (108.86131766347987 193.75062297709079),8.202013161912117,7.989560497114945,8.425595865799975,1.9102037110478993,2.575271616535323
412,120.94212665765895,POINT (222.46799091492065 172.27375417380878),6.620507520263204,6.204601080748464,6.043925465547367,2.1710007214499054,3.0588016759429912
413,537.2823424997227,POINT (15.306238593206304 185.2422323009518),12.956907508080022,13.077548749274353,14.181522115264336,1.9023124799716156,-2.290300575271395
414,46.74956695214061,POINT (276.7796662764943 160.05329631613054),4.405070381652487,3.8575703928350267,3.3139755147171934,3.140783830107628,-2.4611559063954664
415,35.84740928409957,POINT (58.26288704274662 110.93951072753299),3.450455125692515,3.37795570859144,3.612816628320549,1.9203580539294731,-3.13586083659059
416,73.65656375330393,POINT (130.34792586310058 106.66410945467581),4.828634693684794,4.84206695792234,6.44273126715708,1.1384128508690903,-2.6100662485625024
417,1.6508675328203752,POINT (155.38638120347807 88.10066793297793),0.7567108453425434,0.7249051361913289,0.8650589721573579,1.5788306746029193,-1.254871145817662
418,59.8921877004379,POINT (45.437381226010025 79.51383375208302),4.414657659433469,4.366265618377405,4.895494058400987,1.6112741230088192,-2.5688152883814555
419,2.5835004896734444,POINT (253.49875354309296 50.136982256569794),0.9401565925100114,0.9068372217899536,0.9212697536269038,2.1425277762995605,-0.911125214301877
420,82.82209453617024,POINT (243.0865867941832 30.507395181288977),9.674993818031252,5.134500120295208,2.014410415320966,14.947572526314898,-1.0727184737407272
421,134.7601023057463,POINT (76.7538588057767 20.313860618992763),7.049929039535588,6.549463552616969,6.165390084707691,2.4693725222176264,-1.2605818726033358
422,1.3078301234031544,POINT (77.71606699878075 8.665790142338786),0.6813653684134208,0.645209468101787,0.748898957184125,1.801119596489233,2.5507741001902398
423,7.922020173728944,POINT (227.26068062304 1.9978187254785043),1.6402520320604053,1.5879727138226758,1.4100996753172022,2.9898225219614787,-0.9887606185165021
424,1.4471890709789004,POINT (77.64385689651523 299.38035762950227),0.795659692152964,0.678715395780676,0.5996948248167171,3.1325646628785786,3.0813093272993686
425,14.793488281117648,POINT (62.23221094705491 278.38076142772377),2.208060162372411,2.170003126961756,2.5965287317256025,1.4836288398971185,-1.1819991719495528
426,93.31689528052833,POINT (197.8063477965108 270.66894102763814),5.497692665244183,5.450109202187575,7.046716783570952,1.2122329169792039,2.9167979581513173
427,7.439623816735977,POINT (91.35510565649706 261.37689881924246),1.599072330406427,1.5388651046649433,1.1761011116087987,3.6993555403846337,-1.1479156779695976
428,57.60884494400451,POINT (240.24546099313034 263.7351690063834),4.29158597384111,4.282226626103028,4.799827938435571,1.9425027278198737,-2.7916518085952746
429,5.68155709347272,POINT (241.44791279075278 257.5815710967442),1.3941944780632425,1.3448032539260195,1.4208529077059588,1.8740270540733415,2.6551363402133616
430,21.5255974409306,POINT (26.050425551520046 254.55303031801296),2.63123234101746,2.6175963156034423,3.3062504699549278,1.2868308052108173,-1.0870381200118504
431,168.45280786194397,POINT (227.44555448918342 260.0292037166972),7.309080862967089,7.322581108999431,8.40993748943194,1.5876918699273548,-2.1171868136308456
432,49.429546713212666,POINT (227.79202613690836 235.1077280904307),3.9996975130501875,3.9665997262641826,3.7457252254790587,2.290232247538515,-1.1083184819620733
433,245.20742821904716,POINT (9.104644628910526 234.535149411442),8.848025579045393,8.834701385322818,10.660369742912907,1.4199567912349518,2.384247101943681
434,2.55134073254058,POINT (37.3658798464707 221.57995869594959),0.9136706030538644,0.9011753315482294,0.7226851157202194,3.444728736926051,-1.0933677856428727
435,20.828802703051878,POINT (139.0750342772539 219.6567107376615),2.612718121605822,2.574881321100659,2.979119324351561,1.5322368965601703,-2.829987879125604
436,24.13053776869264,POINT (280.4388392080019 217.26979900646978),3.224281641282077,2.771459675100148,2.055293827824012,4.44418419674455,2.7461127445862337
437,4.019969641608057,POINT (282.38049657313036 214.17682592693964),1.2110057622405284,1.1311923263011265,1.0050112480528581,2.9649323493956263,2.9572687536718067
438,2.9479777371792415,POINT (33.358110489520165 214.5592190027237),0.9382505451250593,0.9686952348359484,0.8156183532072597,3.16685127621213,-1.1191396119760662
439,2.5191809754077155,POINT (117.34108396109116 211.74768032380868),0.9757024503211703,0.8954776432487863,0.935431420274734,2.0463960985010514,-1.3074506447319942
440,193.9876550254383,POINT (105.18310338010559 217.68580336365963),8.08604395290553,7.858001552061931,8.228856119066235,1.905190682993847,-2.918267753729564
441,26.91771672020755,POINT (278.11789822552316 211.4262656065063),2.662222550773652,2.927144572025233,3.651220866125227,1.5909838942641619,-2.6999083905592327
442,18.0952233467584,POINT (6.766563672678306 172.54151844861804),2.4035145238702955,2.3999767673827463,2.445171075343451,1.9174112546102733,-2.80310666401675
443,279.86492648923047,POINT (49.01408368804553 165.31075603005692),9.572723265002429,9.438420042444704,11.064746562711493,1.4858995889831716,-2.2316873785078393
444,23.948299144939725,POINT (4.8061511149444875 143.4109053163787),2.7093097190428166,2.7609745335879388,3.2414739567123387,1.4792566121534654,-2.7169571886468074
445,7.118026245407334,POINT (98.46237217271364 124.00636143582946),1.652278279620518,1.5052368996370118,1.2988275751813376,2.8108231009376996,-0.8200113017373478
446,57.930442515333155,POINT (97.75105490193572 116.58148406604252),4.2714654899671425,4.294162614949779,5.183452931603423,1.3836918919415844,-1.0197367770693637
447,15.104365933402006,POINT (202.54518386615865 98.0562460253516),2.221253908636333,2.1926853402026287,2.6923558775731014,1.4189389113361095,2.3950649783030604
448,199.1010564095639,POINT (21.85560107843777 102.1551316452161),8.313599366766741,7.960894083254768,8.61357844633523,1.88265374944608,2.737914585282811
449,15.533162695173534,POINT (298.2591563385877 78.61802839013195),2.3913310227929707,2.2235915203955496,2.413713234609532,2.073711517749187,-1.7926772373345472
450,27.936109029414926,POINT (130.9440650899458 76.8997696653317),3.0166429222499644,2.9820026300409315,4.060714152026694,1.127141697451161,2.7334352305057297
451,13.05686139594297,POINT (252.12008973501 71.26255686749967),2.0287455556771703,2.0386583982757234,1.9859456130703528,2.15276210289636,-2.673333164032583
452,109.79341085159929,POINT (270.13566810941944 64.27164353638611),6.054736860828788,5.911711098480941,6.056465939901731,1.9191819848546807,-2.187066217682681
453,46.878205980672085,POINT (132.51072382678876 58.34729926920228),3.8929596641474444,3.8628741126534303,5.467018364251937,1.0380424891916307,-1.0051521438246998
454,2.3905419468762577,POINT (120.0965893330061 55.169262658186554),0.9354047799415439,0.8723148141741942,0.7475745574247348,2.856485973449243,-1.1446229425616163
455,6.528430697971484,POINT (144.8254932646191 40.84926819874735),1.3673832967165287,1.441549177943669,1.608453029165272,1.7754690479392696,-1.3173767142828983
456,288.7410194579013,POINT (226.1673916050901 36.3303068500548),9.921468314308855,9.586924482869168,8.690697323496423,2.587825635259469,-3.041781666390868
457,47.53212104237366,POINT (220.37778596017455 2.5010985581319396),4.309627952111886,3.889722874328211,3.6356332650841385,2.5803445776322302,-2.9072687505719306
458,23.144305216618115,POINT (134.52450622265516 1.480737767488993),3.3522235413364143,2.714233070188451,2.527013952403842,3.1421581353375556,3.1185596583409687
459,73.73160318661391,POINT (52.210249109487734 297.2297973361608),6.027748279846588,4.844532817360152,2.994631644638008,5.008192738552664,-3.014169937538697
460,3.569733041747954,POINT (49.82649152790819 294.1951291126174),1.269832730115539,1.0659649704494554,0.8324014188278773,3.4075613202057173,-2.5655444279886663
461,1.5007886662003411,POINT (143.787517428611 267.1158385632294),0.8299189846180988,0.6911699281104131,0.7556751161725629,2.288277048604766,-1.5437233875127283
462,176.72858536413446,POINT (46.04526975107731 274.153046065647),7.639225156211209,7.500297053629275,7.435082530941768,2.0742642072423108,-2.133204177673619
463,86.8420641777783,POINT (23.381041032453343 267.2791880586126),5.337599918881087,5.257631364444835,5.865050666554519,1.629382570612777,-1.1804811035866336
464,7.5361030881345705,POINT (143.6403317203478 263.21993085309583),1.6972554863673137,1.548811194514499,1.3240390985138812,3.136310728331116,-1.5949928484981237
465,130.7615725022269,POINT (149.00862328009663 269.95261248675735),6.470763616820546,6.45156579912174,6.431847136988789,2.3524615242900286,-1.7707766791722606
466,1.768786642307545,POINT (10.565268184741338 257.44296132560936),0.7730501424824093,0.7503481024140222,0.9184213406479739,1.3652924728046951,-2.378135958813289
467,80.763870079667,POINT (6.518844726470473 251.54899129293284),4.635343015294444,5.070299625546922,5.083929530335813,2.108416872243548,-1.5352525196997364
468,2.0153447803261724,POINT (172.9362653666671 228.7090761181205),0.8404365800922576,0.8009395530542368,1.0746586724117255,1.2681794249547076,-2.106493653989752
469,61.27505725715103,POINT (158.9504076966076 227.94965047407007),4.692600318920007,4.416385003759183,4.607205871720286,2.1418706782118377,-1.1026079998196539
470,9.851605601700815,POINT (174.0314597614896 222.30022575575717),1.7545289162875393,1.7708369371020531,1.8965920400417104,1.8637815406113714,-2.618772934033243
471,1.0291122282516625,POINT (177.57610293912393 220.30837459986407),0.6252959384814539,0.5723430756505523,0.7450871795277566,1.4791450099238472,2.5780788470788183
472,20.51792505076752,POINT (213.27774572068805 206.39219518250306),2.562168462839398,2.555593548989619,2.901578581346071,1.615252562142535,-2.132199991439453
473,2.4548614611419866,POINT (140.8093096414768 198.16831363600932),0.9549533149709484,0.8839720992729804,0.8999261948689579,2.069543815327021,-1.8312578788513398
474,26.231641901373116,POINT (46.531613554609116 198.18015310341198),4.120943245372032,2.8896004824265984,1.9001286080763282,6.174765339345844,-2.633557320291257
475,14.579089900231887,POINT (212.36225657202306 195.7687070331591),2.2049887228620064,2.154221076585703,2.2595876264345085,1.8472556134795992,-2.1173472877237107
476,8.393696611677623,POINT (290.49167267607095 194.14657536906458),1.7102336417897854,1.634563126075091,1.5964052911154778,2.1751147938334516,2.853694865197291
477,490.81149344273393,POINT (59.85338418726985 205.48559136238646),17.28678186804864,12.49920599940064,9.282107250720017,5.416793409760904,-2.802628428318722
478,25.77068538246872,POINT (93.67877178537516 188.1469350946252),2.9923914622427135,2.864099148243981,2.702594084494507,2.5883071138862417,-2.7094540949192805
479,59.109633610204845,POINT (62.520351287795016 173.88547885360651),4.5638127253001315,4.3376469135730575,4.465998800574258,2.0111130741230276,-2.8519004166580473
480,31.216404256967103,POINT (224.34679789055176 164.2702091949798),3.2031559378397105,3.152219866396124,3.1924512507740905,1.9991048672973175,-0.9775419406181066
481,75.76838780502868,POINT (47.34302848173558 162.5106889880059),5.421386325911547,4.910990419309326,4.5511505640876875,2.2799435097825476,-2.93833694247142
482,45.913413266686135,POINT (271.0875971467868 150.66342262121776),3.8267339968326586,3.8229168642841564,4.569877547446226,1.4583297463536622,-2.639322048454308
483,92.88809851875686,POINT (214.7360819043036 145.94958820570366),5.408182757752511,5.437572994207455,6.843692143070122,1.2823748952392002,2.8554001103694655
484,26.381720767993148,POINT (99.39092752322925 119.98321064525582),3.016059073200401,2.8978548160652298,2.7088741792739035,2.767849145731867,-1.250255546190346
485,16.712353790045228,POINT (21.311583466870882 94.75872627229477),2.328382310813801,2.306449096072259,2.85709254434049,1.3891594525023245,-1.093303906552998
486,17.84866520873977,POINT (161.59105689001154 93.64830088221636),2.385229491205658,2.3835701355585366,2.984410711092237,1.2869644491542453,-1.800345105708401
487,19.038576222655752,POINT (43.886428429031966 81.45699728876014),2.5063268039575197,2.461740650542818,2.3554539249059183,2.306504992117614,-1.0835381090529446
488,66.16334034134647,POINT (27.461031017350567 82.56313321033483),4.675643453089084,4.589166082589886,4.740004478142965,1.8976960429682146,-1.6199646240908787
489,1.8652659137061383,POINT (35.647387421850496 65.21146794177335),0.8093209849861576,0.7705404471501189,1.0534559623439426,1.2823274814878955,3.0030185401562663
490,3.0766167657106993,POINT (37.872494914182795 63.923121271129276),1.0092478904881355,0.9896047355002475,1.274029292306025,1.3609538857010657,-2.869470189731522
491,97.94790030766082,POINT (50.74842294129184 65.77620785026237),5.839567583457134,5.583707101816211,5.795298349962641,2.0176581463308194,-1.4589220562267027
492,17.752185937341178,POINT (98.38075733416972 59.18954381690436),2.3711036490407085,2.3771193249874014,2.9159552015242984,1.3917683273722583,-0.8806829369167742
493,3.4303740941722083,POINT (55.04943587984891 45.858158940356226),1.0824506752169578,1.044950710552311,1.1978901949741685,1.6719476325350737,-1.45283060082142
494,10.312562120605202,POINT (66.17824191208192 44.3468853157486),1.8362082858429156,1.8117920617093766,1.8730042037445478,1.888078643245387,-1.1603822950685698
495,6.292592478997144,POINT (127.98103053702808 0.715986747605634),1.7867162118787163,1.415271845191078,1.0488504153509581,4.156082338218788,3.077206613902013
496,57.0942888298787,POINT (190.16674095116923 296.0490224291754),4.081787784088938,4.263059532681096,5.060338471720792,1.6049189492523492,2.6346955475222855
497,106.69535424779995,POINT (42.642414577235684 295.15935468424277),6.086000841644445,5.827708474774321,6.6600340129585875,1.597693410620985,2.7724946591147765
498,26.220921982328814,POINT (210.87771984125786 284.98851805932674),2.930066852050135,2.8890099847229913,3.8236847558895604,1.205866808938685,-1.3430555931907164
499,1.2649504472260018,POINT (183.98235462378645 279.8041193093789),0.7175152890330362,0.6345441142147988,0.6214414558974466,2.3062684964063958,-1.2017325828651264
500,19.8104103938445,POINT (292.41454773543006 275.50091804702686),2.5226036246271755,2.511145053102036,2.9431216954465538,1.5195266643279632,-3.004180342665742
501,2.776459032470631,POINT (0.3680374179337476 273.55997022825323),1.527061504152822,0.940092739371858,0.5594002376713855,6.349727450345981,-1.5490565057832828
502,15.018606581047703,POINT (174.254890823177 269.7887794200562),2.2405191248134324,2.1864516805665803,2.330531800681616,1.924819441951997,2.9401283368367594
503,12.735263824614325,POINT (297.85060192724865 251.558840576045),1.9945488857568994,2.0133952365428733,2.3843687460894154,1.612191449612682,-2.0252205107354855
504,19.413773389205844,POINT (205.56224619127778 247.64497136567778),2.473317531853721,2.4858793208673697,3.195763375893049,1.259468569886969,-2.723194732555158
505,5.306359926922635,POINT (288.5027850696535 244.6190245488075),1.343101081776711,1.299641036743982,1.4019096510331206,1.8391442199860362,-1.612039547558594
506,173.20173199856364,POINT (117.5799042677008 233.7398320804519),7.443277961322229,7.425080713318759,9.016368340211487,1.3863322527108037,2.736326624336413
507,3.2374155513750216,POINT (4.611208591634863 226.24804773502396),1.0049855447606875,1.0151361365293903,1.176277836089642,1.5563582405210925,-2.250106195735315
508,1.6508675328203752,POINT (7.1544671805648035 224.23236035197587),0.7502461726074131,0.7249051361913289,0.7892452282705972,1.9213712530435678,-1.1411835620488076
509,1.0291122282516625,POINT (8.679659033815065 223.1255015156542),0.629715133658498,0.5723430756505523,0.6405669164257405,1.8478908349007217,2.6180141966885033
510,288.85893856738835,POINT (265.8066485552459 229.20141754869724),9.303425692812738,9.588881887819662,9.981072033380608,1.9357577398279011,-2.5417158514805234
511,35.064855193866535,POINT (13.86675054382491 220.63432403442258),3.3359695040889337,3.340881630020848,3.658202693552448,1.8086353259316763,-2.535514159180454
512,150.7327816817357,POINT (100.23394364579569 193.89169090107507),6.954519469201574,6.926740545254995,7.582652953152495,1.6530965938872788,-2.6394281503908137
513,250.17075073655246,POINT (58.3542893123771 194.03503620654564),9.10627277394317,8.923666465834852,7.9010806799853865,2.5425776147695216,2.4404412992239095
514,13.54997767198022,POINT (141.671444266893 181.68598734101727),1.9921628381433563,2.0767984617099775,2.360137122391761,1.6716454126564115,-2.674236534483178
515,47.91803812796803,POINT (243.75267779744433 184.49426201538603),3.9882850086045556,3.9054814380129943,4.233162117184302,1.785748003990927,-1.6633102318944404
516,12.274307305709936,POINT (56.04221564104464 179.51447267894133),1.9698346635030328,1.9766217041875767,2.079783652066309,1.8829812110571857,-2.7351859425413627
517,16.723073709089515,POINT (155.01160192157207 174.77264065127335),2.3461267561680867,2.3071886981743446,2.5444784577732342,1.6664251050721004,2.4505703471009617
518,305.5284126812566,POINT (12.243894702937276 169.77951406751635),10.874674943856057,9.861679079471457,7.223875979956168,3.675242499516001,-2.4582814740248753
519,19.424493308250124,POINT (206.88987126765528 152.17195758735042),2.6405497008787755,2.486565553957285,2.5096878951774833,2.3538498758001003,3.084147671020775
520,45.77405431911041,POINT (91.62915604130583 153.63704603446314),4.212175637878855,3.8171106901014396,2.903811979230511,3.740114835390017,-2.6134675124764213
521,25.50268740636151,POINT (62.04459917864762 145.87983241271397),2.8514193644442556,2.849167865482784,3.2381016554575988,1.6415453453389799,-2.388179052294858
522,3.6447724750579713,POINT (41.06446744948626 138.0720385503243),1.0996536648485573,1.0771105382928514,0.9364257407868196,2.774517248450581,-0.9940998608345123
523,107.55294777134304,POINT (115.02920606423443 133.8813068738496),5.926432440089891,5.851082512136313,6.984297209175296,1.447401830643384,2.945054581943783
524,13.464218319625918,POINT (272.6835539774958 118.32245867201102),2.535784171391899,2.0702158826735526,1.2056810492456138,5.812667706098103,-1.0518332867413973
525,2.4655813801862747,POINT (90.06148045970048 112.56570965699528),0.9002713093406889,0.8859000668833741,1.1397159255748883,1.335541116946509,-0.8232411711258812
526,10.859277991863898,POINT (281.2153925539123 111.31167586031576),2.0420807269662387,1.8591975531471476,1.8533207455495,2.3377053236216865,-2.0549187938394176
527,81.35346562710274,POINT (10.02857157060603 112.06460975052994),5.106968579693359,5.088773170855624,6.5802492783675675,1.200836925062961,-0.896131353578339
528,5.467158712586959,POINT (270.67003975487233 107.8990861310094),1.363949581106988,1.3191856076960036,1.3213054085119185,2.150020663988452,-0.8153169870471849
529,224.35718567790673,POINT (72.77782139067746 113.95656443602537),8.723291867173076,8.450746134966431,9.489701648243994,1.8123012788176456,2.5283078166545185
530,17.38770868983538,POINT (287.1391397568543 105.42629616831589),2.385350463376341,2.3525899715119096,2.4759609913996647,1.8965346688637024,3.1127957755965943
531,25.299008944520036,POINT (171.7302037435442 103.04697797182256),2.912709470169017,2.8377675482133617,3.2979539200219836,1.5737311582852826,-2.7511564861879294
532,28.011148462724943,POINT (123.77284542742332 101.07404792954354),3.0862253327778726,2.9860049362061076,2.4538140094116554,2.8638686145020844,-2.5504183690893445
533,32.545674218458835,POINT (258.4041476113444 94.3111151652472),3.568456282142364,3.218634781433327,2.177684128891025,4.0361050245093235,-1.0541142408611626
534,123.05395070938366,POINT (63.43085776370046 82.94117856563905),6.581882660568733,6.258537292752173,6.304601725490862,2.0071781243024063,-3.0472247491079893
535,514.9098714542923,POINT (109.85283676482013 92.00907307002227),14.88395161112969,12.802378785894678,8.405932680158383,4.481637777086653,-2.5814270884862727
536,11.738311353495526,POINT (149.0703441415748 76.73607088637682),2.2158854162370285,1.9329822945182553,1.4380504320632739,3.8981102201327475,-2.814097675308435
537,51.09113416507732,POINT (140.97696108876588 72.14369680401387),4.00662896427375,4.032717830581077,4.8878704401715805,1.3592220262056076,-2.331970774445172
538,258.30716929116727,POINT (170.86402169014676 65.13259832677275),11.23536187408037,9.067619624660521,5.763233941351399,4.9911244090757965,-2.707603719860483
539,4.727484298531075,POINT (140.41979378624023 51.92522221905032),1.2820254438135894,1.226704931514129,1.3466550492009748,1.7257690554699752,-2.7323715711035055
540,3.344614741817903,POINT (185.66248090297748 50.048205519238344),1.0678175721833387,1.0318061532074159,1.2000573421078204,1.6233770783085972,-0.8235189034636644
541,4.845403408018244,POINT (188.93197697724125 48.77187163778376),1.2392756935724976,1.2419097420186536,1.5539214474005105,1.514804973261999,3.0651808410351937
542,1.7902264803961212,POINT (299.18351994999153 44.010633718110846),0.8836013906611552,0.7548819690641031,0.6089295486168863,3.282336160466866,-1.2062272092377548
543,325.4245824274552,POINT (224.63428081395793 32.77960172855749),12.740646136293241,10.177713976816744,7.095678473085427,5.144723837842588,-0.9581810844190203
544,135.09241979611932,POINT (238.9041012029168 16.407269749352334),6.607567612601612,6.557534046392409,8.567593339592328,1.2251757740777522,-1.8050641650688841
545,9.905205196922253,POINT (288.01294250776624 299.1006129364042),2.821035878395939,1.7756476955915028,1.123211398871251,6.393888098330261,3.1093325133055325
546,149.01759463464956,POINT (23.930456741985047 294.76324592180094),7.991851797591646,6.887218131258626,4.070467503934939,5.313784721415192,-2.8233044640229155
547,2.1547037279019183,POINT (199.37998399138448 287.3188232376208),0.8703784086354973,0.8281687620215152,0.9088139904638761,1.7507332180735127,-1.344748743792727
548,1.3614297186245952,POINT (114.09079977165995 285.3029013689109),0.7293136753707481,0.658298214172441,0.6391262177664385,2.4234460402173337,-1.3286434360459214
549,24.9666914541471,POINT (141.85741056392462 292.7181996458869),4.767284724478853,2.8190680579147753,1.2652666540425799,10.457772547233892,-1.0470690652086294
550,3.0766167657106993,POINT (261.40436164686906 277.3291490102894),1.0041625962893233,0.9896047355002475,1.3620859641396705,1.2316018817371646,-1.7732462426485152
551,72.916889339248,POINT (47.286420253805126 280.74447289630615),6.373754267755179,4.817693093841916,2.491978023654136,7.193941839930599,-2.7281713320261516
552,3.1516561990207164,POINT (132.16313594245185 275.60220863097373),1.1326429239696838,1.0016003823884665,0.7067517458369698,4.450409885815359,-1.113517413125449
553,1.8652659137061383,POINT (260.2223096680025 274.58780034759945),0.863019341651016,0.7705404471501189,0.7670114707693693,2.2972214000468676,-1.2841185881915589
554,29.083140367153753,POINT (161.0559610367107 272.84245997873825),3.080099754750918,3.0426059718826424,3.2992601096554695,1.7367588646397425,-2.5291096062187255
555,1.211350852004561,POINT (129.65389606831351 271.1197188319885),0.6646695372750314,0.6209548710093268,0.5836221647283316,2.6280654787017053,-1.1307230119287424
556,23.873259711629707,POINT (61.345896980422 273.21695956561007),2.8166332778178833,2.756645530648605,3.551100298648013,1.2857801217340294,-2.182644874354446
557,1.9403053470161553,POINT (127.95201742517358 268.40585030211923),0.8500285464821609,0.7858869983467807,0.6956764731870766,3.1301381203439664,-1.0838886158145429
558,139.87350368987177,POINT (30.559304815153435 270.00632366937964),7.751583405629146,6.672564652339542,5.1503684393705935,3.601100197206395,-2.671039117103188
559,757.8446768359512,POINT (102.29476806726588 275.4272496410902),17.747542815941983,15.531563116075704,12.95952647520438,3.1675269644398587,-1.014503879604813
560,27.64667121521914,POINT (243.8038523397897 250.68274722529404),2.9462948865054845,2.9665145824480765,3.7585201801166046,1.2789974757564333,-2.0852442297664164
561,13.217660181607286,POINT (114.57572688318223 244.24977782576522),2.082821827088133,2.051173300338964,2.2402115141998933,1.7055158539906963,-2.9582305067790764
562,43.16911399134839,POINT (21.182646534994703 243.0371028671557),3.801754812865958,3.706906494806848,4.593172740826371,1.32934749634634,3.1056511614936166
563,93.47769406619268,POINT (82.86965528294238 245.02396359661373),6.405467792131939,5.454802852434999,4.963922183613218,2.2956010465374397,-1.5488729286847247
564,2.5835004896734444,POINT (8.567698058127368 237.07015960679016),0.9813104213253506,0.9068372217899536,0.8381640300549378,2.4267557929391783,-2.494953170561302
565,24.6879735589956,POINT (2.8781996199839317 238.3478966023007),2.9937010898304983,2.803288435689828,2.5745737763257037,2.2353823338513292,-2.3684548901776954
566,34.87189665106936,POINT (91.26456478921547 241.1803566307937),4.412361537717666,3.3316766730904126,2.286114972461421,4.966120743318329,-1.2047981874162306
567,4.095009074918074,POINT (10.258971370561582 233.87395930532062),1.1441952706516492,1.1417013061912307,1.5650145961618387,1.1802749198771707,-0.9257772403674134
568,1.4793488281117648,POINT (3.277905542781388 233.18152808171254),0.7070402550352095,0.6862152410886689,0.8843053962869508,1.4066940744356136,-2.4791458607354544
569,60.5139430050066,POINT (71.42804954112161 225.52966278397582),4.365361335967814,4.388870732939858,5.3562638991780265,1.3637554884548289,-1.0913970881923207
570,55.21830299712826,POINT (296.99608857249586 224.92080569961567),6.179740603404362,4.1924374464359,1.9836397004738737,7.135422928197546,-1.196800623103539
571,611.4213026100196,POINT (205.42728657487427 250.48887309647134),25.219950734110142,13.950679024482657,6.170770178558812,11.619586571051459,-1.0199912753665996
572,7.643302278577452,POINT (76.73165831124463 210.87658953570542),1.7335494716902657,1.5597880235347035,1.2395656101610204,3.2988924529502865,-0.8016483884314334
573,347.164578249272,POINT (27.854035314588593 220.044385618774),12.122789522439344,10.512179478565303,12.238074306815996,2.2754740012777246,-2.6274440576041664
574,17.741466018296894,POINT (120.43091605597385 200.123013155878),2.3964612130955505,2.3764014873370356,2.6641941598053207,1.6079308152968756,-2.621397563575906
575,52.87064072642917,POINT (264.6705501827519 196.8001359137499),4.712443628823712,4.102346600677929,5.329488520505612,1.8782902447375538,-2.1529120338060865
576,109.05373643754335,POINT (3.827439663204647 193.14810262287207),6.6961805506413254,5.891763949221959,5.17549415208451,2.535605346955095,-1.7512107235122167
577,1.6187077756875108,POINT (246.15695537478717 184.52753517702718),0.7607493948763443,0.7178096459674448,0.8129336656905143,1.8360170806299083,-2.9015674950509953
578,2.5084610563634273,POINT (247.997796803076 177.29694405465554),0.8876701147338681,0.8935703404587206,0.8986937843399955,2.129347650795004,-0.913841390194521
579,36.51204426484547,POINT (257.4064891562259 177.59148674380816),3.627520199690647,3.409126670319026,2.9191061526591926,2.965090215085536,-2.6663479058225277
580,29.576256643191012,POINT (81.37765343808617 177.40941988156948),3.2824648498818516,3.068291851476439,3.04530583085721,2.1855410067204097,2.3695495955368857
581,121.34948358134187,POINT (56.046410175694554 181.47585786753743),7.66193677783823,6.215041456598557,3.9216521682053775,4.930863650508681,-1.0741167088401786
582,152.8982053286819,POINT (128.01615812892467 172.70009743042974),7.227684039536958,6.976317820733127,7.603431596408256,1.7184748960362917,2.5984964913558017
583,7.4717835738688425,POINT (265.29464277599425 165.20841103296198),1.691080569364521,1.542187595264632,1.527783525139072,2.2694639322809302,-0.9922172745444396
584,34.34662061789924,POINT (70.63993436182741 164.4218939629368),3.3352249408673895,3.306488908144309,4.294917184828299,1.2038407018563038,2.6004035021912313
585,5.252760331701193,POINT (292.3310092261858 162.16969155279955),1.4485426499015444,1.2930605335151706,1.0229329665009008,3.108729382717384,-2.6019884580526234
586,2.358382189743393,POINT (294.59873508648434 158.9262799734419),0.8468961562707252,0.8664273578293211,1.0706539318649895,2.0168838797922444,-1.0111226703620548
587,45.52749618109177,POINT (92.22297442559353 161.23588941381166),3.842194716739043,3.806816534538575,3.9778344111135144,1.8841169250391088,-2.3442908620462464
588,2.1654236469462065,POINT (297.2585289640591 157.56278866263898),0.8849900188005805,0.8302263273343817,0.8543710005449908,2.1701658966837414,-2.2917548013539317
589,154.67771189003366,POINT (279.42594421299844 163.05129384022516),8.871495471197761,7.016797336882816,4.4598220728926945,5.467022693705568,-2.4787270158925847
590,8.307937259323317,POINT (296.3380915521036 150.94296792234147),1.7079891870850104,1.6261914289029071,1.7563718677041262,1.8741580694785018,-2.73082945295588
591,2.8836582229135126,POINT (15.882866101526416 117.32386166499893),0.9725289465465349,0.9580693715637466,0.982654605538002,2.2155103467121386,-0.8114201411368502
592,15.919079780767902,POINT (172.19162358645636 116.98148854384917),2.292271757637566,2.2510443072420663,2.703170139532864,1.4198227565689312,-0.8257566745979487
593,24.76301299230564,POINT (281.877999049567 113.98267820921295),2.846503028376484,2.8075455200492367,2.8436574859317796,2.014043052167754,-1.0030003334512112
594,223.58535150671798,POINT (24.714289266625205 122.77301698071757),11.222770869141879,8.43619747223038,4.273626087977643,7.428350979846714,-1.1638959044893122
595,19.13505549405435,POINT (76.17876828868849 96.6361667592652),2.459479333774748,2.467970286780811,3.190997517165563,1.2353807987355045,-1.8886065990507
596,81.65362336034282,POINT (219.72004625833898 83.06490272587176),5.138403902442459,5.0981521709659505,6.431619717781277,1.3900335768973475,3.12514633031626
597,80.15283469414251,POINT (136.88683583383835 77.61574206448525),5.096964181531479,5.051083021372811,6.301998866839801,1.3321973366999986,-1.327564016087129
598,237.78924424039982,POINT (10.549725898865713 78.40491334149601),9.772959570451894,8.700038348759808,11.214901130597035,1.7232577448757076,-1.7893002756027914
599,143.32531762213256,POINT (88.92970544112292 65.90768375493914),7.595384027745668,6.754396015896363,6.002670900331851,2.7040071095821774,2.953656762687718
600,53.042159431137776,POINT (173.0468479798642 55.501722836263134),4.236210623521685,4.108995465009416,4.136303713382615,1.9651702636145048,-3.0561338090921693
601,81.8037022269629,POINT (287.39734784144764 55.57262934193894),5.061094110354416,5.102835206556965,6.299255621502406,1.3666592356302814,-1.3930693101495208
602,28.16122732934497,POINT (67.18894743341933 50.87420114579882),2.9349287924791017,2.993993497988874,3.4677911827415917,1.5060303644784943,-2.5934081991677855
603,1.6187077756875108,POINT (163.81620742449698 47.934137145217676),0.7489960973275375,0.7178096459674448,0.8935185133183506,1.5317520052719586,-1.6731345513646545
604,4.277247698670973,POINT (160.85286924123466 49.07816872486197),1.387500006985836,1.1668291340825518,0.9717941018258333,2.9947005131230626,-1.7563594983558708
605,1.0505520663402388,POINT (158.43619141043447 46.67672040480739),0.6490328039725258,0.5782742503924133,0.6924563832430141,1.660325128785522,-1.5630279778613116
606,9.980244630232265,POINT (3.3030475887332886 45.19023103325374),2.1979493581814467,1.7823609433376901,1.0745626922187035,6.061891851857545,-2.5999042331134805
607,9.401369001840708,POINT (160.81729068607947 43.55027469934868),1.9410784048135257,1.7298984643463136,1.8434533804356283,2.3450412347057488,-1.1183931157603704
608,124.66193856602689,POINT (209.9866275387614 45.19956737874104),6.30816365831641,6.299295792102695,6.130880687356521,2.150107505893316,2.591222480810136
609,21.611356793284912,POINT (274.990260407225 32.53705204452669),2.6981324993938456,2.622805467652493,3.202506121617605,1.4183308391903051,-2.1795237727410806
610,5.124121303169736,POINT (3.6012622234586886 18.94632132538442),1.2629225950939678,1.2771289945827304,1.5832799488965366,1.3699179669456278,-2.6310413978191853
611,77.33349598549471,POINT (128.79808444703482 26.19635427426954),5.273890736461893,4.961453043750132,3.6858546921525503,3.9103316553762033,-1.0647320512724165
612,35.22565397953088,POINT (84.34716312086624 18.941804751944268),3.3533027857248374,3.3485330980854986,3.823974067527751,1.5906023572272248,-2.902210067495817
613,9.56216778750503,POINT (289.65422338534637 12.213557471742542),1.741220478815703,1.7446296283483884,2.339708432045215,1.1778700940720914,-1.4670267831413686
614,1.704467128041816,POINT (19.77975666223082 8.574215703790292),0.7791648623533857,0.7365790775816288,1.0358650166023513,1.2372243167065116,-2.543822126523283
615,5.134841222214025,POINT (0.8927043742949381 6.75596143463957),1.4907879243678868,1.27846420560561,0.8858334383590875,4.886984664977144,-1.1986093620840963
616,7.471783573868841,POINT (42.11926627005188 3.1723688740384786),1.7477469275736746,1.5421875952646318,1.2634460442138518,3.27808620714381,-2.830812824174065
617,183.58933355247885,POINT (215.05905609284758 6.549930366888357),7.81198135333731,7.6444947424697425,9.006916309619607,1.535992747110283,-2.659264844025029
618,23.787500359275406,POINT (142.7204064889473 2.587892745195503),2.76616110398651,2.7516897593947314,2.811077602805813,2.1401212956429654,2.4469323933037104
619,6.571310374148636,POINT (57.240994515465694 0.7722465570463052),1.8576489272493732,1.4462755813722414,1.2161041514487627,3.3351833091932006,3.0848670528938213
620,150.46478370562852,POINT (32.983163568121405 6.527456065056479),7.292575737938778,6.920580046210526,6.992510667151706,2.0739199571540667,-2.5815627432219235
